source1_entity_id,candidate_entity_id,source_pair,s1_country,n_hits,rescued_only_by
S1-100515729,S3-930640441,S1_S3,US,0,none
S1-100575904,S2-119093475,S1_S2,US,0,none
S1-100575904,S2-754123878,S1_S2,US,0,none
S1-100662140,S2-781824186,S1_S2,India,0,none
S1-100662140,S3-836547211,S1_S3,India,0,none
S1-101223740,S2-404922763,S1_S2,India,0,none
S1-10171028,S3-11695913,S1_S3,US,0,none
S1-10171028,S3-559192354,S1_S3,US,0,none
S1-102986108,S2-193226397,S1_S2,US,0,none
S1-102986108,S2-982557953,S1_S2,US,0,none
S1-102986108,S3-331726410,S1_S3,US,0,none
S1-102986108,S3-708073109,S1_S3,US,0,none
S1-103050257,S3-18247192,S1_S3,US,0,none
S1-103077947,S2-830367559,S1_S2,India,0,none
S1-103077947,S3-354782155,S1_S3,India,0,none
S1-103077947,S3-541347855,S1_S3,India,0,none
S1-103365462,S2-29845824,S1_S2,India,0,none
S1-103365462,S3-369179357,S1_S3,India,0,none
S1-103365462,S3-727423293,S1_S3,India,0,none
S1-104313700,S2-301369136,S1_S2,India,0,none
S1-104313700,S3-870891043,S1_S3,India,0,none
S1-105716340,S3-599786362,S1_S3,US,0,none
S1-106138516,S2-380753714,S1_S2,US,0,none
S1-106138516,S2-442259183,S1_S2,US,0,none
S1-106138516,S2-882304402,S1_S2,US,0,none
S1-106138516,S3-120163249,S1_S3,US,0,none
S1-106206021,S2-371433776,S1_S2,India,0,none
S1-106206021,S3-713495803,S1_S3,India,0,none
S1-106467296,S2-52948285,S1_S2,India,0,none
S1-106467296,S3-257233809,S1_S3,India,0,none
S1-106467296,S3-767828005,S1_S3,India,0,none
S1-107376841,S2-842139953,S1_S2,India,0,none
S1-107376841,S3-103465371,S1_S3,India,0,none
S1-107376841,S3-423787476,S1_S3,India,0,none
S1-107456804,S2-353592669,S1_S2,US,0,none
S1-108283519,S2-478558721,S1_S2,US,0,none
S1-108283519,S3-152387940,S1_S3,US,0,none
S1-109590483,S3-340791965,S1_S3,India,0,none
S1-109590483,S3-709081021,S1_S3,India,0,none
S1-109720718,S2-872088785,S1_S2,US,0,none
S1-109720718,S3-107643537,S1_S3,US,0,none
S1-109727237,S2-543813371,S1_S2,US,0,none
S1-109727237,S2-55125742,S1_S2,US,0,none
S1-109727237,S3-644732622,S1_S3,US,0,none
S1-110390231,S2-622889493,S1_S2,US,0,none
S1-110390231,S3-513137443,S1_S3,US,0,none
S1-110792653,S2-129848912,S1_S2,India,0,none
S1-110792653,S2-56126995,S1_S2,India,0,none
S1-110792653,S3-646376577,S1_S3,India,0,none
S1-111093057,S2-212481128,S1_S2,India,0,none
S1-111093057,S2-361100022,S1_S2,India,0,none
S1-111093057,S3-854490875,S1_S3,India,0,none
S1-111093057,S3-94076588,S1_S3,India,0,none
S1-111116285,S2-38056449,S1_S2,India,0,none
S1-111116285,S3-143485791,S1_S3,India,0,none
S1-111116285,S3-394338951,S1_S3,India,0,none
S1-111140552,S3-868479736,S1_S3,US,0,none
S1-112165960,S2-2825184,S1_S2,US,0,none
S1-112165960,S2-407582192,S1_S2,US,0,none
S1-112165960,S3-259751967,S1_S3,US,0,none
S1-112500013,S2-51093997,S1_S2,India,0,none
S1-112500013,S2-63948053,S1_S2,India,0,none
S1-112500013,S3-802906941,S1_S3,India,0,none
S1-113213337,S2-32153037,S1_S2,India,0,none
S1-113213337,S2-523757670,S1_S2,India,0,none
S1-113213337,S2-968381663,S1_S2,India,0,none
S1-113213337,S3-160563896,S1_S3,India,0,none
S1-114348738,S2-107051101,S1_S2,India,0,none
S1-114348738,S2-840622277,S1_S2,India,0,none
S1-114348738,S3-762025135,S1_S3,India,0,none
S1-115560570,S2-178510760,S1_S2,US,0,none
S1-115560570,S2-350595878,S1_S2,US,0,none
S1-115560570,S3-578178858,S1_S3,US,0,none
S1-115733041,S2-183790719,S1_S2,US,0,none
S1-115733041,S2-988626439,S1_S2,US,0,none
S1-115733041,S3-666228069,S1_S3,US,0,none
S1-11641154,S2-571223581,S1_S2,India,0,none
S1-11641154,S2-873328018,S1_S2,India,0,none
S1-11641154,S3-636531039,S1_S3,India,0,none
S1-116711454,S2-154059318,S1_S2,US,0,none
S1-117997829,S2-396166626,S1_S2,India,0,none
S1-117997829,S3-645552126,S1_S3,India,0,none
S1-118768510,S2-342047496,S1_S2,US,0,none
S1-118768510,S2-647075780,S1_S2,US,0,none
S1-118768510,S3-351969303,S1_S3,US,0,none
S1-118768510,S3-559476840,S1_S3,US,0,none
S1-120079126,S3-181710101,S1_S3,US,0,none
S1-120357142,S2-581079346,S1_S2,India,0,none
S1-120357142,S2-800925719,S1_S2,India,0,none
S1-120357142,S3-249250289,S1_S3,India,0,none
S1-120357142,S3-995038224,S1_S3,India,0,none
S1-120744339,S2-692107917,S1_S2,India,0,none
S1-120744339,S2-82000085,S1_S2,India,0,none
S1-121010790,S3-932986101,S1_S3,India,0,none
S1-121289408,S2-317257432,S1_S2,India,0,none
S1-121289408,S2-793858699,S1_S2,India,0,none
S1-121289408,S3-542434804,S1_S3,India,0,none
S1-121289408,S3-612752168,S1_S3,India,0,none
S1-121289408,S3-875932810,S1_S3,India,0,none
S1-12142580,S2-580795843,S1_S2,US,0,none
S1-121653864,S3-940841035,S1_S3,India,0,none
S1-122939928,S2-358407021,S1_S2,India,0,none
S1-122939928,S2-765869634,S1_S2,India,0,none
S1-122939928,S3-322634310,S1_S3,India,0,none
S1-123687338,S2-318288659,S1_S2,India,0,none
S1-124641887,S2-663477897,S1_S2,US,0,none
S1-124641887,S3-131834035,S1_S3,US,0,none
S1-124641887,S3-833308270,S1_S3,US,0,none
S1-124791731,S2-50740898,S1_S2,India,0,none
S1-124791731,S3-470029355,S1_S3,India,0,none
S1-125223578,S2-606890960,S1_S2,India,0,none
S1-125223578,S2-685437909,S1_S2,India,0,none
S1-125223578,S2-713601149,S1_S2,India,0,none
S1-125223578,S2-952309767,S1_S2,India,0,none
S1-126129740,S2-740455154,S1_S2,India,0,none
S1-126129740,S3-594677275,S1_S3,India,0,none
S1-126456148,S2-282878352,S1_S2,US,0,none
S1-12692387,S2-525906614,S1_S2,US,0,none
S1-12692387,S2-84517851,S1_S2,US,0,none
S1-12692387,S3-145985620,S1_S3,US,0,none
S1-127026117,S3-110580913,S1_S3,US,0,none
S1-127026117,S3-764799569,S1_S3,US,0,none
S1-127090406,S2-259728044,S1_S2,India,0,none
S1-127090406,S2-751290067,S1_S2,India,0,none
S1-127090406,S3-803452117,S1_S3,India,0,none
S1-127090406,S3-856774402,S1_S3,India,0,none
S1-127526060,S3-601616337,S1_S3,India,0,none
S1-127763340,S2-190979743,S1_S2,US,0,none
S1-127763340,S2-458166704,S1_S2,US,0,none
S1-127763340,S3-3708580,S1_S3,US,0,none
S1-127876057,S2-755704748,S1_S2,India,0,none
S1-127876057,S2-871906054,S1_S2,India,0,none
S1-127876057,S3-394561838,S1_S3,India,0,none
S1-127881326,S2-483951247,S1_S2,US,0,none
S1-127881326,S2-96176314,S1_S2,US,0,none
S1-127881326,S3-533153266,S1_S3,US,0,none
S1-128040228,S2-293760639,S1_S2,India,0,none
S1-128040228,S2-633384152,S1_S2,India,0,none
S1-129673842,S2-615289667,S1_S2,US,0,none
S1-13025093,S2-626333572,S1_S2,US,0,none
S1-13025093,S3-683698761,S1_S3,US,0,none
S1-130875484,S2-174538139,S1_S2,India,0,none
S1-130875484,S2-196732031,S1_S2,India,0,none
S1-130875484,S2-353836417,S1_S2,India,0,none
S1-130875484,S2-997211644,S1_S2,India,0,none
S1-131034098,S2-243896738,S1_S2,US,0,none
S1-131034098,S3-665534059,S1_S3,US,0,none
S1-131699061,S3-15645845,S1_S3,US,0,none
S1-131699061,S3-876870213,S1_S3,US,0,none
S1-131699061,S3-999026944,S1_S3,US,0,none
S1-132094322,S2-834170142,S1_S2,US,0,none
S1-132606753,S2-494945876,S1_S2,India,0,none
S1-132606753,S2-91157786,S1_S2,India,0,none
S1-132606753,S3-162954118,S1_S3,India,0,none
S1-133138448,S2-4168302,S1_S2,US,0,none
S1-134023008,S2-604907628,S1_S2,India,0,none
S1-134023008,S3-184388486,S1_S3,India,0,none
S1-134023008,S3-558854480,S1_S3,India,0,none
S1-134236977,S2-549384913,S1_S2,US,0,none
S1-134316447,S2-412792610,S1_S2,India,0,none
S1-134316447,S2-661480289,S1_S2,India,0,none
S1-134316447,S3-146426059,S1_S3,India,0,none
S1-134316447,S3-9223636,S1_S3,India,0,none
S1-13435478,S3-381743243,S1_S3,US,0,none
S1-1347939,S2-335777653,S1_S2,US,0,none
S1-1347939,S3-215520678,S1_S3,US,0,none
S1-1347939,S3-602732623,S1_S3,US,0,none
S1-1347939,S3-798007031,S1_S3,US,0,none
S1-135026327,S2-146091908,S1_S2,India,0,none
S1-135026327,S2-933878415,S1_S2,India,0,none
S1-135026327,S3-438659175,S1_S3,India,0,none
S1-135026327,S3-595285742,S1_S3,India,0,none
S1-135026327,S3-906044069,S1_S3,India,0,none
S1-135254658,S2-175920913,S1_S2,US,0,none
S1-135254658,S2-341336287,S1_S2,US,0,none
S1-135254658,S2-42290231,S1_S2,US,0,none
S1-135254658,S2-724411690,S1_S2,US,0,none
S1-135508851,S2-427675419,S1_S2,India,0,none
S1-135508851,S3-245224899,S1_S3,India,0,none
S1-135508851,S3-370337196,S1_S3,India,0,none
S1-135565161,S2-713276830,S1_S2,India,0,none
S1-135565161,S3-21213058,S1_S3,India,0,none
S1-135733249,S2-446817496,S1_S2,India,0,none
S1-135733249,S2-616078290,S1_S2,India,0,none
S1-135842128,S3-233006994,S1_S3,India,0,none
S1-135842128,S3-397250426,S1_S3,India,0,none
S1-135842128,S3-615936932,S1_S3,India,0,none
S1-13608221,S3-422773925,S1_S3,US,0,none
S1-136855454,S2-714840075,S1_S2,US,0,none
S1-137468397,S2-562626499,S1_S2,US,0,none
S1-140003239,S3-43991373,S1_S3,US,0,none
S1-140003239,S3-790991851,S1_S3,US,0,none
S1-140020677,S3-607721699,S1_S3,US,0,none
S1-140020677,S3-641684342,S1_S3,US,0,none
S1-140020677,S3-64973086,S1_S3,US,0,none
S1-140287415,S2-64746301,S1_S2,US,0,none
S1-140287415,S3-310898631,S1_S3,US,0,none
S1-140287415,S3-809655946,S1_S3,US,0,none
S1-141316462,S3-25443278,S1_S3,US,0,none
S1-141316462,S3-486095481,S1_S3,US,0,none
S1-141316462,S3-620941767,S1_S3,US,0,none
S1-142347128,S2-239774952,S1_S2,US,0,none
S1-142347128,S2-642171474,S1_S2,US,0,none
S1-142353255,S3-312650130,S1_S3,US,0,none
S1-142471750,S2-530438622,S1_S2,India,0,none
S1-142471750,S2-935433625,S1_S2,India,0,none
S1-142471750,S3-21417982,S1_S3,India,0,none
S1-142471750,S3-299964052,S1_S3,India,0,none
S1-142471750,S3-427741429,S1_S3,India,0,none
S1-142676313,S2-49474005,S1_S2,US,0,none
S1-142676313,S2-819521907,S1_S2,US,0,none
S1-142676313,S3-857194080,S1_S3,US,0,none
S1-142885368,S2-206497568,S1_S2,India,0,none
S1-142885368,S2-958600988,S1_S2,India,0,none
S1-142885368,S2-959103298,S1_S2,India,0,none
S1-142885368,S2-974631974,S1_S2,India,0,none
S1-142885368,S3-402889225,S1_S3,India,0,none
S1-143083593,S2-560148752,S1_S2,India,0,none
S1-143083593,S2-831661415,S1_S2,India,0,none
S1-143083593,S3-234764130,S1_S3,India,0,none
S1-143736231,S2-275609601,S1_S2,India,0,none
S1-143736231,S2-516420761,S1_S2,India,0,none
S1-143736231,S3-182468804,S1_S3,India,0,none
S1-143736231,S3-932732011,S1_S3,India,0,none
S1-14381833,S2-686186881,S1_S2,US,0,none
S1-14381833,S3-286973604,S1_S3,US,0,none
S1-143849948,S2-30225199,S1_S2,US,0,none
S1-143849948,S2-571689502,S1_S2,US,0,none
S1-144062193,S2-597018663,S1_S2,India,0,none
S1-144102725,S2-298862834,S1_S2,US,0,none
S1-144102725,S3-653478444,S1_S3,US,0,none
S1-144367152,S2-591339649,S1_S2,India,0,none
S1-144367152,S3-34112455,S1_S3,India,0,none
S1-144424866,S2-70154208,S1_S2,India,0,none
S1-144424866,S3-27132632,S1_S3,India,0,none
S1-144424866,S3-482409572,S1_S3,India,0,none
S1-145095598,S2-418104929,S1_S2,India,0,none
S1-145095598,S2-813932051,S1_S2,India,0,none
S1-145095598,S3-787622673,S1_S3,India,0,none
S1-146499317,S2-128405505,S1_S2,India,0,none
S1-146499317,S2-374919518,S1_S2,India,0,none
S1-146499317,S3-423890175,S1_S3,India,0,none
S1-146499317,S3-51571244,S1_S3,India,0,none
S1-146499317,S3-782639734,S1_S3,India,0,none
S1-146672844,S2-261731753,S1_S2,US,0,none
S1-146672844,S2-473228140,S1_S2,US,0,none
S1-146672844,S3-743106556,S1_S3,US,0,none
S1-146990250,S2-796546624,S1_S2,US,0,none
S1-147167482,S2-305597366,S1_S2,US,0,none
S1-147167482,S2-749071013,S1_S2,US,0,none
S1-147214739,S2-687010247,S1_S2,US,0,none
S1-147214739,S2-852535452,S1_S2,US,0,none
S1-147821914,S2-307628431,S1_S2,India,0,none
S1-147821914,S3-226963085,S1_S3,India,0,none
S1-147821914,S3-912207652,S1_S3,India,0,none
S1-148286754,S2-113097872,S1_S2,US,0,none
S1-148286754,S3-175676755,S1_S3,US,0,none
S1-148286754,S3-262613470,S1_S3,US,0,none
S1-14843711,S3-87601758,S1_S3,US,0,none
S1-14882049,S2-234263861,S1_S2,US,0,none
S1-148982999,S2-448820858,S1_S2,India,0,none
S1-148982999,S3-406322117,S1_S3,India,0,none
S1-149367420,S2-78268097,S1_S2,India,0,none
S1-149657878,S2-811802771,S1_S2,India,0,none
S1-149822916,S2-170639522,S1_S2,India,0,none
S1-149822916,S2-398485717,S1_S2,India,0,none
S1-149822916,S3-27336439,S1_S3,India,0,none
S1-149822916,S3-738934022,S1_S3,India,0,none
S1-149822916,S3-866665773,S1_S3,India,0,none
S1-150378836,S2-110466780,S1_S2,US,0,none
S1-150399121,S2-37557430,S1_S2,US,0,none
S1-15088111,S2-187481789,S1_S2,US,0,none
S1-15088111,S2-894785858,S1_S2,US,0,none
S1-15088111,S3-925713069,S1_S3,US,0,none
S1-151217192,S2-461130523,S1_S2,US,0,none
S1-151217192,S3-46793674,S1_S3,US,0,none
S1-152806625,S2-613309323,S1_S2,India,0,none
S1-152806625,S2-95458272,S1_S2,India,0,none
S1-152806625,S3-332517016,S1_S3,India,0,none
S1-152806625,S3-881167573,S1_S3,India,0,none
S1-153293352,S2-161649521,S1_S2,India,0,none
S1-153293352,S2-332134332,S1_S2,India,0,none
S1-153293352,S2-783480478,S1_S2,India,0,none
S1-153293352,S3-623389382,S1_S3,India,0,none
S1-153293352,S3-997863855,S1_S3,India,0,none
S1-153379057,S2-208723805,S1_S2,US,0,none
S1-153379057,S3-674983986,S1_S3,US,0,none
S1-153484142,S2-476335104,S1_S2,India,0,none
S1-153484142,S2-742799364,S1_S2,India,0,none
S1-153484142,S3-344986094,S1_S3,India,0,none
S1-153484142,S3-568091367,S1_S3,India,0,none
S1-153484142,S3-677203346,S1_S3,India,0,none
S1-153933155,S2-157444111,S1_S2,US,0,none
S1-153933155,S2-600350724,S1_S2,US,0,none
S1-153933155,S2-63649468,S1_S2,US,0,none
S1-153933155,S2-638534550,S1_S2,US,0,none
S1-153933155,S3-73843204,S1_S3,US,0,none
S1-153933155,S3-972667672,S1_S3,US,0,none
S1-154684053,S2-499327015,S1_S2,India,0,none
S1-154684053,S3-420852399,S1_S3,India,0,none
S1-154684053,S3-819117402,S1_S3,India,0,none
S1-155282017,S2-151403304,S1_S2,India,0,none
S1-155282017,S2-155187668,S1_S2,India,0,none
S1-155282017,S2-417816882,S1_S2,India,0,none
S1-155282017,S3-733223293,S1_S3,India,0,none
S1-155282017,S3-759362943,S1_S3,India,0,none
S1-156140225,S2-532256499,S1_S2,US,0,none
S1-156140225,S3-766378268,S1_S3,US,0,none
S1-156140225,S3-782329531,S1_S3,US,0,none
S1-156910403,S2-61160537,S1_S2,US,0,none
S1-156910403,S3-655591101,S1_S3,US,0,none
S1-157546412,S2-484619931,S1_S2,US,0,none
S1-157546412,S3-562397063,S1_S3,US,0,none
S1-15817681,S2-209253679,S1_S2,India,0,none
S1-15817681,S3-899779731,S1_S3,India,0,none
S1-158472318,S2-840749579,S1_S2,US,0,none
S1-159548722,S3-82242221,S1_S3,US,0,none
S1-159548722,S3-933146707,S1_S3,US,0,none
S1-160049327,S2-280619086,S1_S2,US,0,none
S1-160049327,S3-307378534,S1_S3,US,0,none
S1-160139236,S2-660378906,S1_S2,India,0,none
S1-160139236,S3-592221220,S1_S3,India,0,none
S1-160477017,S2-105706071,S1_S2,India,0,none
S1-160477017,S2-499590262,S1_S2,India,0,none
S1-160477017,S3-615745732,S1_S3,India,0,none
S1-160477017,S3-70128810,S1_S3,India,0,none
S1-160477017,S3-729800246,S1_S3,India,0,none
S1-160957902,S2-402402864,S1_S2,US,0,none
S1-161557970,S2-461171544,S1_S2,India,0,none
S1-161557970,S3-254752214,S1_S3,India,0,none
S1-161557970,S3-292096625,S1_S3,India,0,none
S1-161557970,S3-293713604,S1_S3,India,0,none
S1-161557970,S3-378353488,S1_S3,India,0,none
S1-16201979,S2-476602687,S1_S2,India,0,none
S1-16201979,S2-655112997,S1_S2,India,0,none
S1-16201979,S3-444891883,S1_S3,India,0,none
S1-162044410,S2-900091366,S1_S2,US,0,none
S1-162044410,S3-464794593,S1_S3,US,0,none
S1-162627577,S2-161953815,S1_S2,India,0,none
S1-162627577,S2-439342101,S1_S2,India,0,none
S1-162627577,S3-272422098,S1_S3,India,0,none
S1-16271883,S2-647027208,S1_S2,India,0,none
S1-16271883,S2-693440010,S1_S2,India,0,none
S1-16271883,S3-333230684,S1_S3,India,0,none
S1-16271883,S3-603507593,S1_S3,India,0,none
S1-16271883,S3-783942554,S1_S3,India,0,none
S1-163034685,S2-561694133,S1_S2,India,0,none
S1-163034685,S2-856877377,S1_S2,India,0,none
S1-163034685,S3-374032931,S1_S3,India,0,none
S1-163764131,S2-775836868,S1_S2,US,0,none
S1-163764131,S2-791813816,S1_S2,US,0,none
S1-163764131,S3-139586962,S1_S3,US,0,none
S1-163764131,S3-175746408,S1_S3,US,0,none
S1-164538433,S2-344146232,S1_S2,US,0,none
S1-164538433,S2-870158870,S1_S2,US,0,none
S1-164538433,S3-6251928,S1_S3,US,0,none
S1-165092194,S2-53716617,S1_S2,India,0,none
S1-165092194,S3-296643595,S1_S3,India,0,none
S1-165920494,S2-23489917,S1_S2,US,0,none
S1-165920494,S3-639681712,S1_S3,US,0,none
S1-167105794,S3-177811355,S1_S3,US,0,none
S1-168353385,S2-322369490,S1_S2,US,0,none
S1-168353385,S2-96618665,S1_S2,US,0,none
S1-168353385,S3-375944537,S1_S3,US,0,none
S1-168513199,S2-369974103,S1_S2,India,0,none
S1-168513199,S3-132172614,S1_S3,India,0,none
S1-168660969,S3-43476077,S1_S3,US,0,none
S1-168660969,S3-623299412,S1_S3,US,0,none
S1-168775843,S2-951024017,S1_S2,India,0,none
S1-168775843,S3-217928549,S1_S3,India,0,none
S1-169104020,S2-995366633,S1_S2,US,0,none
S1-169410599,S2-173299495,S1_S2,US,0,none
S1-169410599,S3-398949976,S1_S3,US,0,none
S1-171591149,S2-764616877,S1_S2,India,0,none
S1-171591149,S3-641518133,S1_S3,India,0,none
S1-171888730,S2-699232928,S1_S2,US,0,none
S1-172218921,S2-283036586,S1_S2,US,0,none
S1-172552403,S2-79837755,S1_S2,US,0,none
S1-172637874,S3-208917162,S1_S3,India,0,none
S1-172637874,S3-494709922,S1_S3,India,0,none
S1-172637874,S3-534224462,S1_S3,India,0,none
S1-172704629,S2-6182110,S1_S2,India,0,none
S1-172704629,S2-922046186,S1_S2,India,0,none
S1-172704629,S3-300705614,S1_S3,India,0,none
S1-172704629,S3-544708950,S1_S3,India,0,none
S1-173296986,S2-186979941,S1_S2,India,0,none
S1-173296986,S2-514056950,S1_S2,India,0,none
S1-173296986,S2-777506755,S1_S2,India,0,none
S1-173296986,S2-997763690,S1_S2,India,0,none
S1-173296986,S3-271198867,S1_S3,India,0,none
S1-173296986,S3-93202973,S1_S3,India,0,none
S1-17337924,S2-200696496,S1_S2,US,0,none
S1-17337924,S3-433989807,S1_S3,US,0,none
S1-17337924,S3-450980197,S1_S3,US,0,none
S1-174257593,S3-137749660,S1_S3,India,0,none
S1-174257593,S3-337427972,S1_S3,India,0,none
S1-174257593,S3-707354060,S1_S3,India,0,none
S1-174257593,S3-79391744,S1_S3,India,0,none
S1-174272903,S2-590640554,S1_S2,India,0,none
S1-174272903,S2-758659202,S1_S2,India,0,none
S1-174428145,S3-832980018,S1_S3,US,0,none
S1-175703005,S2-405483450,S1_S2,US,0,none
S1-175703005,S3-989037023,S1_S3,US,0,none
S1-175809392,S2-973889151,S1_S2,US,0,none
S1-175847817,S3-857041799,S1_S3,US,0,none
S1-176019422,S3-240819148,S1_S3,India,0,none
S1-176565218,S2-430514904,S1_S2,India,0,none
S1-176565218,S2-750527709,S1_S2,India,0,none
S1-176821104,S2-588898744,S1_S2,US,0,none
S1-177372613,S3-162870978,S1_S3,India,0,none
S1-178094146,S2-486669991,S1_S2,India,0,none
S1-178094146,S3-124999881,S1_S3,India,0,none
S1-178094146,S3-536691777,S1_S3,India,0,none
S1-178159787,S2-798587710,S1_S2,India,0,none
S1-178159787,S3-510679888,S1_S3,India,0,none
S1-178159787,S3-867221878,S1_S3,India,0,none
S1-178159787,S3-931765538,S1_S3,India,0,none
S1-179229721,S2-151225319,S1_S2,India,0,none
S1-179229721,S3-652123084,S1_S3,India,0,none
S1-179229721,S3-681579326,S1_S3,India,0,none
S1-179229721,S3-938424357,S1_S3,India,0,none
S1-179501223,S3-512867283,S1_S3,US,0,none
S1-179937852,S2-174839443,S1_S2,India,0,none
S1-179937852,S2-193958276,S1_S2,India,0,none
S1-179937852,S3-219728963,S1_S3,India,0,none
S1-179937852,S3-478074056,S1_S3,India,0,none
S1-180293894,S3-603824242,S1_S3,US,0,none
S1-182295048,S3-163496487,S1_S3,India,0,none
S1-182295048,S3-771301383,S1_S3,India,0,none
S1-182336413,S2-527915339,S1_S2,India,0,none
S1-182336413,S2-817788619,S1_S2,India,0,none
S1-182336413,S3-658133422,S1_S3,India,0,none
S1-182341792,S3-601100972,S1_S3,US,0,none
S1-182566816,S2-876766165,S1_S2,India,0,none
S1-182566816,S3-75787586,S1_S3,India,0,none
S1-183425390,S2-270486499,S1_S2,US,0,none
S1-183425390,S3-594491089,S1_S3,US,0,none
S1-183425390,S3-896950390,S1_S3,US,0,none
S1-183514613,S2-515506870,S1_S2,India,0,none
S1-183514613,S2-988391835,S1_S2,India,0,none
S1-183514613,S2-993638586,S1_S2,India,0,none
S1-183514613,S3-844536709,S1_S3,India,0,none
S1-183514613,S3-860906151,S1_S3,India,0,none
S1-183996974,S2-269603425,S1_S2,US,0,none
S1-183996974,S3-804194002,S1_S3,US,0,none
S1-184964486,S3-127996197,S1_S3,US,0,none
S1-185703620,S3-762058570,S1_S3,US,0,none
S1-185858785,S2-32627390,S1_S2,India,0,none
S1-185858785,S2-971678351,S1_S2,India,0,none
S1-185858785,S3-580753645,S1_S3,India,0,none
S1-185858785,S3-825016709,S1_S3,India,0,none
S1-186895246,S2-652955754,S1_S2,US,0,none
S1-186895246,S3-201304516,S1_S3,US,0,none
S1-187087676,S2-230393302,S1_S2,US,0,none
S1-187087676,S3-132837700,S1_S3,US,0,none
S1-187218198,S2-228932283,S1_S2,India,0,none
S1-188476324,S2-109394136,S1_S2,US,0,none
S1-188476324,S2-987094101,S1_S2,US,0,none
S1-189861720,S2-258683682,S1_S2,US,0,none
S1-189861720,S3-304378906,S1_S3,US,0,none
S1-191385807,S2-621425829,S1_S2,India,0,none
S1-192193411,S2-314933040,S1_S2,India,0,none
S1-192193411,S2-612786119,S1_S2,India,0,none
S1-192193411,S3-846401725,S1_S3,India,0,none
S1-192274008,S2-344665213,S1_S2,US,0,none
S1-192274008,S3-168148827,S1_S3,US,0,none
S1-192452014,S2-343829376,S1_S2,India,0,none
S1-192452014,S2-937021005,S1_S2,India,0,none
S1-192452014,S3-214313967,S1_S3,India,0,none
S1-192601758,S2-614788105,S1_S2,US,0,none
S1-192601758,S2-933127456,S1_S2,US,0,none
S1-192601758,S3-805279891,S1_S3,US,0,none
S1-193812456,S2-47265739,S1_S2,US,0,none
S1-193812456,S2-754959970,S1_S2,US,0,none
S1-193812456,S2-782488171,S1_S2,US,0,none
S1-194880428,S2-223072848,S1_S2,India,0,none
S1-194880428,S3-887217482,S1_S3,India,0,none
S1-195397689,S3-102039130,S1_S3,US,0,none
S1-195555280,S2-124572218,S1_S2,India,0,none
S1-195555280,S2-722770468,S1_S2,India,0,none
S1-195555280,S3-834802570,S1_S3,India,0,none
S1-195833129,S2-560707533,S1_S2,US,0,none
S1-196131338,S3-732996111,S1_S3,US,0,none
S1-196694089,S2-34883660,S1_S2,India,0,none
S1-196694089,S2-408944825,S1_S2,India,0,none
S1-196694089,S2-547730008,S1_S2,India,0,none
S1-196694089,S2-626301333,S1_S2,India,0,none
S1-196694089,S2-928000588,S1_S2,India,0,none
S1-196694089,S3-381920927,S1_S3,India,0,none
S1-196694089,S3-87542814,S1_S3,India,0,none
S1-196776273,S2-130503974,S1_S2,US,0,none
S1-196776273,S3-697785776,S1_S3,US,0,none
S1-198451132,S3-486878124,S1_S3,US,0,none
S1-198451132,S3-881323547,S1_S3,US,0,none
S1-198725138,S3-695520719,S1_S3,US,0,none
S1-199188979,S3-779562721,S1_S3,India,0,none
S1-199356859,S3-326661253,S1_S3,US,0,none
S1-19963094,S2-368389031,S1_S2,US,0,none
S1-19963094,S2-9533658,S1_S2,US,0,none
S1-19963094,S3-846563352,S1_S3,US,0,none
S1-201539060,S2-695043420,S1_S2,US,0,none
S1-201539060,S3-945543197,S1_S3,US,0,none
S1-201996590,S2-560970030,S1_S2,India,0,none
S1-201996590,S3-930625235,S1_S3,India,0,none
S1-202227207,S2-154762564,S1_S2,India,0,none
S1-202227207,S2-843009083,S1_S2,India,0,none
S1-202227207,S3-120005144,S1_S3,India,0,none
S1-202227207,S3-446794259,S1_S3,India,0,none
S1-202516851,S2-663168327,S1_S2,US,0,none
S1-202516851,S3-325804803,S1_S3,US,0,none
S1-202564337,S2-110559827,S1_S2,India,0,none
S1-202564337,S2-259351595,S1_S2,India,0,none
S1-203392791,S3-780876036,S1_S3,US,0,none
S1-204219090,S2-441739598,S1_S2,US,0,none
S1-205801657,S3-895036697,S1_S3,US,0,none
S1-208660240,S2-140604924,S1_S2,India,0,none
S1-208660240,S2-456052727,S1_S2,India,0,none
S1-208660240,S2-93262591,S1_S2,India,0,none
S1-208660240,S3-135015403,S1_S3,India,0,none
S1-208811798,S2-249788961,S1_S2,India,0,none
S1-208831472,S3-635903481,S1_S3,US,0,none
S1-209554937,S2-860777496,S1_S2,US,0,none
S1-209554937,S3-127862814,S1_S3,US,0,none
S1-209747158,S2-504286901,S1_S2,US,0,none
S1-209747158,S2-845648753,S1_S2,US,0,none
S1-209747158,S3-877125354,S1_S3,US,0,none
S1-211663706,S3-334624526,S1_S3,US,0,none
S1-212642713,S2-67945458,S1_S2,US,0,none
S1-214985129,S2-178348170,S1_S2,India,0,none
S1-214985129,S2-239747488,S1_S2,India,0,none
S1-214985129,S3-975743169,S1_S3,India,0,none
S1-21502753,S2-756849382,S1_S2,US,0,none
S1-21502753,S3-718902267,S1_S3,US,0,none
S1-215665677,S2-349420228,S1_S2,US,0,none
S1-215665677,S2-796268584,S1_S2,US,0,none
S1-215665677,S3-860812594,S1_S3,US,0,none
S1-215665677,S3-946319563,S1_S3,US,0,none
S1-216997813,S2-23875499,S1_S2,US,0,none
S1-216997813,S2-460112293,S1_S2,US,0,none
S1-216997813,S3-630093543,S1_S3,US,0,none
S1-217108410,S3-222838396,S1_S3,US,0,none
S1-217108410,S3-235782729,S1_S3,US,0,none
S1-217345453,S2-152911133,S1_S2,US,0,none
S1-217410178,S2-487487878,S1_S2,India,0,none
S1-217410178,S2-676489470,S1_S2,India,0,none
S1-217410178,S3-910596219,S1_S3,India,0,none
S1-217817384,S2-274811566,S1_S2,US,0,none
S1-217817384,S2-630791159,S1_S2,US,0,none
S1-217817384,S2-776791669,S1_S2,US,0,none
S1-217817384,S3-909124443,S1_S3,US,0,none
S1-218681773,S2-203714149,S1_S2,US,0,none
S1-218681773,S2-29592806,S1_S2,US,0,none
S1-218681773,S2-468127059,S1_S2,US,0,none
S1-218681773,S2-722214060,S1_S2,US,0,none
S1-218681773,S3-270459268,S1_S3,US,0,none
S1-218681773,S3-303594024,S1_S3,US,0,none
S1-218681773,S3-649693035,S1_S3,US,0,none
S1-218681773,S3-895499702,S1_S3,US,0,none
S1-218697994,S3-388427392,S1_S3,US,0,none
S1-218697994,S3-48288882,S1_S3,US,0,none
S1-21922080,S3-350497123,S1_S3,India,0,none
S1-21922080,S3-713937728,S1_S3,India,0,none
S1-220681236,S2-259339227,S1_S2,India,0,none
S1-220681236,S2-46296304,S1_S2,India,0,none
S1-220681236,S3-237615954,S1_S3,India,0,none
S1-220681236,S3-346724766,S1_S3,India,0,none
S1-221073772,S2-309641222,S1_S2,US,0,none
S1-221073772,S2-384546899,S1_S2,US,0,none
S1-221073772,S2-719721660,S1_S2,US,0,none
S1-221477125,S3-317838015,S1_S3,US,0,none
S1-221477125,S3-88740700,S1_S3,US,0,none
S1-221999810,S3-641610516,S1_S3,US,0,none
S1-221999810,S3-962321988,S1_S3,US,0,none
S1-222286271,S2-337084280,S1_S2,India,0,none
S1-222286271,S3-208027993,S1_S3,India,0,none
S1-223123199,S2-932137884,S1_S2,US,0,none
S1-223123199,S3-138108694,S1_S3,US,0,none
S1-223407834,S2-522714042,S1_S2,US,0,none
S1-223478247,S2-136087770,S1_S2,India,0,none
S1-223478247,S3-62113391,S1_S3,India,0,none
S1-224212690,S2-260951633,S1_S2,US,0,none
S1-224212690,S2-735635109,S1_S2,US,0,none
S1-225377198,S2-508195132,S1_S2,India,0,none
S1-225377198,S3-244925144,S1_S3,India,0,none
S1-225377198,S3-603460879,S1_S3,India,0,none
S1-225808165,S2-432996657,S1_S2,India,0,none
S1-225808165,S2-894950358,S1_S2,India,0,none
S1-225808165,S3-918158028,S1_S3,India,0,none
S1-227069200,S2-21279700,S1_S2,India,0,none
S1-227069200,S2-98989991,S1_S2,India,0,none
S1-227069200,S3-880042874,S1_S3,India,0,none
S1-227069200,S3-967215440,S1_S3,India,0,none
S1-227182907,S2-111456088,S1_S2,US,0,none
S1-227182907,S2-604918065,S1_S2,US,0,none
S1-227182907,S2-887630768,S1_S2,US,0,none
S1-227182907,S3-118377678,S1_S3,US,0,none
S1-229309809,S3-611789761,S1_S3,US,0,none
S1-229309809,S3-863191231,S1_S3,US,0,none
S1-229396758,S2-620975154,S1_S2,India,0,none
S1-229464384,S2-18200789,S1_S2,US,0,none
S1-230279887,S2-186053210,S1_S2,India,0,none
S1-230279887,S2-208942539,S1_S2,India,0,none
S1-230717338,S2-340641076,S1_S2,India,0,none
S1-230717338,S2-52891081,S1_S2,India,0,none
S1-230717338,S2-90474264,S1_S2,India,0,none
S1-230717338,S3-839475642,S1_S3,India,0,none
S1-230872533,S2-379758847,S1_S2,India,0,none
S1-230872533,S3-429978261,S1_S3,India,0,none
S1-230872533,S3-543429216,S1_S3,India,0,none
S1-231024490,S2-886143477,S1_S2,US,0,none
S1-231024490,S3-262630220,S1_S3,US,0,none
S1-231024490,S3-616332916,S1_S3,US,0,none
S1-231510129,S2-512131051,S1_S2,US,0,none
S1-231510129,S3-706878107,S1_S3,US,0,none
S1-231510129,S3-828263328,S1_S3,US,0,none
S1-231970710,S3-559292114,S1_S3,India,0,none
S1-234037778,S2-60461017,S1_S2,US,0,none
S1-234037778,S3-818148122,S1_S3,US,0,none
S1-234270538,S2-333740390,S1_S2,US,0,none
S1-234270538,S2-75405191,S1_S2,US,0,none
S1-234270538,S3-243530457,S1_S3,US,0,none
S1-234270538,S3-743689400,S1_S3,US,0,none
S1-234483082,S2-669974782,S1_S2,US,0,none
S1-234483082,S2-805532921,S1_S2,US,0,none
S1-235221543,S2-743465653,S1_S2,US,0,none
S1-235221543,S2-881470766,S1_S2,US,0,none
S1-235256423,S3-363180725,S1_S3,US,0,none
S1-236024570,S3-401446438,S1_S3,India,0,none
S1-236186753,S2-392229611,S1_S2,US,0,none
S1-236186753,S3-795118092,S1_S3,US,0,none
S1-236642179,S3-456038774,S1_S3,US,0,none
S1-236681843,S2-320030390,S1_S2,India,0,none
S1-236681843,S2-68613346,S1_S2,India,0,none
S1-237438275,S2-109051347,S1_S2,India,0,none
S1-237438275,S2-357032363,S1_S2,India,0,none
S1-237438275,S3-644998591,S1_S3,India,0,none
S1-237890282,S3-867518125,S1_S3,US,0,none
S1-238798308,S2-486832118,S1_S2,India,0,none
S1-238798308,S2-707888352,S1_S2,India,0,none
S1-238798308,S3-754656948,S1_S3,India,0,none
S1-239441540,S2-538787150,S1_S2,US,0,none
S1-239441540,S2-986325922,S1_S2,US,0,none
S1-239441540,S3-451774861,S1_S3,US,0,none
S1-239530518,S3-115720346,S1_S3,India,0,none
S1-239530518,S3-784187149,S1_S3,India,0,none
S1-239585973,S2-735680330,S1_S2,US,0,none
S1-239585973,S3-766145819,S1_S3,US,0,none
S1-239589845,S2-742021878,S1_S2,India,0,none
S1-239589845,S3-912520552,S1_S3,India,0,none
S1-240105214,S2-196278528,S1_S2,US,0,none
S1-240709455,S2-860715772,S1_S2,India,0,none
S1-240709455,S3-277358814,S1_S3,India,0,none
S1-241159387,S3-711867988,S1_S3,US,0,none
S1-241873046,S3-752831179,S1_S3,US,0,none
S1-242002928,S3-619877651,S1_S3,India,0,none
S1-243133571,S3-338063635,S1_S3,US,0,none
S1-243601682,S2-105168336,S1_S2,US,0,none
S1-243601682,S3-190246905,S1_S3,US,0,none
S1-243689902,S3-360748886,S1_S3,US,0,none
S1-244558099,S3-761672925,S1_S3,US,0,none
S1-245974134,S2-626272741,S1_S2,India,0,none
S1-245974134,S2-720912021,S1_S2,India,0,none
S1-245974134,S2-791682451,S1_S2,India,0,none
S1-245974134,S3-187499853,S1_S3,India,0,none
S1-246519250,S3-323696391,S1_S3,India,0,none
S1-246519250,S3-487747018,S1_S3,India,0,none
S1-246525030,S2-648023518,S1_S2,US,0,none
S1-246525030,S3-625302706,S1_S3,US,0,none
S1-246828534,S3-113504754,S1_S3,US,0,none
S1-247438931,S2-328479006,S1_S2,India,0,none
S1-247438931,S3-46321792,S1_S3,India,0,none
S1-247438931,S3-853274810,S1_S3,India,0,none
S1-247808208,S2-981883279,S1_S2,US,0,none
S1-247840546,S2-238945946,S1_S2,US,0,none
S1-249261506,S2-123807796,S1_S2,US,0,none
S1-249261506,S2-178128123,S1_S2,US,0,none
S1-249261506,S3-113082602,S1_S3,US,0,none
S1-250152399,S3-218665075,S1_S3,US,0,none
S1-250152399,S3-658042149,S1_S3,US,0,none
S1-251045156,S2-396142382,S1_S2,US,0,none
S1-251218301,S2-993828040,S1_S2,India,0,none
S1-25150728,S3-793263231,S1_S3,India,0,none
S1-251675251,S2-784906738,S1_S2,India,0,none
S1-251675251,S3-8929258,S1_S3,India,0,none
S1-251693919,S2-152905172,S1_S2,India,0,none
S1-251693919,S2-478130241,S1_S2,India,0,none
S1-251693919,S2-68111443,S1_S2,India,0,none
S1-251770876,S2-496000518,S1_S2,India,0,none
S1-251770876,S2-621484428,S1_S2,India,0,none
S1-251770876,S2-699460996,S1_S2,India,0,none
S1-252138237,S2-210720312,S1_S2,US,0,none
S1-252138237,S2-75297209,S1_S2,US,0,none
S1-252138237,S3-404639612,S1_S3,US,0,none
S1-252138237,S3-651900100,S1_S3,US,0,none
S1-252356981,S3-276292735,S1_S3,US,0,none
S1-252356981,S3-332058151,S1_S3,US,0,none
S1-252356981,S3-886576899,S1_S3,US,0,none
S1-253436270,S3-104063311,S1_S3,US,0,none
S1-253867141,S3-403347801,S1_S3,India,0,none
S1-254059706,S2-490826923,S1_S2,India,0,none
S1-254059706,S3-176197218,S1_S3,India,0,none
S1-254471109,S2-196367649,S1_S2,US,0,none
S1-254471109,S2-689187401,S1_S2,US,0,none
S1-254471109,S3-124765060,S1_S3,US,0,none
S1-254471109,S3-274321759,S1_S3,US,0,none
S1-255488675,S2-209149691,S1_S2,India,0,none
S1-255488675,S2-617090350,S1_S2,India,0,none
S1-255488675,S2-709115377,S1_S2,India,0,none
S1-25553276,S2-836419191,S1_S2,US,0,none
S1-25553276,S3-285277105,S1_S3,US,0,none
S1-25553276,S3-98669236,S1_S3,US,0,none
S1-255570929,S2-862331090,S1_S2,US,0,none
S1-255570929,S2-920900615,S1_S2,US,0,none
S1-255570929,S3-407730885,S1_S3,US,0,none
S1-255724863,S2-745807940,S1_S2,US,0,none
S1-255724863,S3-329993447,S1_S3,US,0,none
S1-255724863,S3-723747998,S1_S3,US,0,none
S1-256203599,S2-999174140,S1_S2,US,0,none
S1-256203599,S3-73356872,S1_S3,US,0,none
S1-256294247,S2-336087266,S1_S2,India,0,none
S1-256294247,S2-751974936,S1_S2,India,0,none
S1-25669749,S3-332603991,S1_S3,US,0,none
S1-25669749,S3-674247059,S1_S3,US,0,none
S1-256863580,S3-116430641,S1_S3,US,0,none
S1-256863580,S3-499748562,S1_S3,US,0,none
S1-257242481,S3-578140984,S1_S3,US,0,none
S1-257569751,S2-46164682,S1_S2,India,0,none
S1-257569751,S3-679437460,S1_S3,India,0,none
S1-257569751,S3-830620622,S1_S3,India,0,none
S1-258453972,S2-298079095,S1_S2,India,0,none
S1-258453972,S3-613249892,S1_S3,India,0,none
S1-258453972,S3-83321949,S1_S3,India,0,none
S1-259089587,S2-53409425,S1_S2,US,0,none
S1-259089587,S3-335816929,S1_S3,US,0,none
S1-259357615,S2-473190621,S1_S2,US,0,none
S1-259357615,S3-155362851,S1_S3,US,0,none
S1-260144651,S3-244525158,S1_S3,India,0,none
S1-261017356,S2-378219939,S1_S2,India,0,none
S1-261017356,S2-475627309,S1_S2,India,0,none
S1-261017356,S3-86715835,S1_S3,India,0,none
S1-262610029,S2-544834283,S1_S2,India,0,none
S1-262610029,S3-435035628,S1_S3,India,0,none
S1-262969667,S2-237168123,S1_S2,India,0,none
S1-262969667,S2-544536298,S1_S2,India,0,none
S1-262969667,S3-186685738,S1_S3,India,0,none
S1-262969667,S3-909198082,S1_S3,India,0,none
S1-264014937,S2-485803941,S1_S2,India,0,none
S1-264014937,S2-664893294,S1_S2,India,0,none
S1-264014937,S2-668875426,S1_S2,India,0,none
S1-264729976,S2-524965660,S1_S2,US,0,none
S1-265211270,S2-575120944,S1_S2,India,0,none
S1-265211270,S3-505584758,S1_S3,India,0,none
S1-265211270,S3-946027003,S1_S3,India,0,none
S1-265463096,S2-667352883,S1_S2,India,0,none
S1-26555198,S3-307642005,S1_S3,US,0,none
S1-26555198,S3-861092605,S1_S3,US,0,none
S1-265608792,S2-119961310,S1_S2,US,0,none
S1-265608792,S2-330947868,S1_S2,US,0,none
S1-265608792,S2-889178469,S1_S2,US,0,none
S1-265608792,S3-128206399,S1_S3,US,0,none
S1-265608792,S3-979293580,S1_S3,US,0,none
S1-265820703,S2-960278283,S1_S2,India,0,none
S1-265820703,S3-515939978,S1_S3,India,0,none
S1-265820703,S3-879902434,S1_S3,India,0,none
S1-266328571,S2-101423550,S1_S2,US,0,none
S1-266391302,S2-175604035,S1_S2,US,0,none
S1-266745738,S2-608195426,S1_S2,India,0,none
S1-266745738,S3-357454992,S1_S3,India,0,none
S1-266999900,S2-350056730,S1_S2,US,0,none
S1-266999900,S3-115558600,S1_S3,US,0,none
S1-266999900,S3-859494139,S1_S3,US,0,none
S1-268314395,S2-517440543,S1_S2,US,0,none
S1-269215005,S2-93831227,S1_S2,India,0,none
S1-269215005,S3-712413899,S1_S3,India,0,none
S1-269215005,S3-994052022,S1_S3,India,0,none
S1-269437459,S2-302278554,S1_S2,India,0,none
S1-269437459,S3-271379250,S1_S3,India,0,none
S1-269437459,S3-808989244,S1_S3,India,0,none
S1-269437459,S3-852374589,S1_S3,India,0,none
S1-269988878,S2-106689035,S1_S2,India,0,none
S1-269988878,S3-621982480,S1_S3,India,0,none
S1-269988878,S3-766065354,S1_S3,India,0,none
S1-270468266,S2-524672925,S1_S2,US,0,none
S1-270468266,S3-158166442,S1_S3,US,0,none
S1-270468266,S3-487395944,S1_S3,US,0,none
S1-270602436,S3-924246412,S1_S3,US,0,none
S1-270602436,S3-930298536,S1_S3,US,0,none
S1-271047501,S2-178958179,S1_S2,India,0,none
S1-271047501,S2-304727142,S1_S2,India,0,none
S1-271149548,S3-456162474,S1_S3,US,0,none
S1-272632223,S2-469808104,S1_S2,US,0,none
S1-272632223,S3-851678280,S1_S3,US,0,none
S1-273051805,S2-150628247,S1_S2,US,0,none
S1-273051805,S2-467582809,S1_S2,US,0,none
S1-273051805,S2-783085849,S1_S2,US,0,none
S1-273051805,S3-316612395,S1_S3,US,0,none
S1-273051805,S3-527341464,S1_S3,US,0,none
S1-273051805,S3-65801735,S1_S3,US,0,none
S1-273143422,S3-479974924,S1_S3,India,0,none
S1-273143422,S3-566359090,S1_S3,India,0,none
S1-273143422,S3-826796138,S1_S3,India,0,none
S1-273143422,S3-93005569,S1_S3,India,0,none
S1-273361293,S2-284829836,S1_S2,US,0,none
S1-273361293,S3-534191101,S1_S3,US,0,none
S1-273361293,S3-768362916,S1_S3,US,0,none
S1-273361293,S3-869380222,S1_S3,US,0,none
S1-27445216,S2-159499372,S1_S2,US,0,none
S1-27445216,S3-724202673,S1_S3,US,0,none
S1-274809473,S2-90073464,S1_S2,India,0,none
S1-274809473,S3-328291859,S1_S3,India,0,none
S1-274855609,S2-438296833,S1_S2,India,0,none
S1-274855609,S2-741129919,S1_S2,India,0,none
S1-274855609,S2-766408699,S1_S2,India,0,none
S1-274855609,S3-133458653,S1_S3,India,0,none
S1-274855609,S3-619390875,S1_S3,India,0,none
S1-274855609,S3-736212456,S1_S3,India,0,none
S1-274855609,S3-807384356,S1_S3,India,0,none
S1-275556950,S2-905666093,S1_S2,US,0,none
S1-276302554,S2-623725342,S1_S2,India,0,none
S1-276481975,S3-428837312,S1_S3,US,0,none
S1-276481975,S3-571781289,S1_S3,US,0,none
S1-277470949,S2-9529805,S1_S2,India,0,none
S1-277549008,S3-470116500,S1_S3,India,0,none
S1-277549008,S3-60749831,S1_S3,India,0,none
S1-277566168,S2-428668694,S1_S2,India,0,none
S1-277566168,S3-400678092,S1_S3,India,0,none
S1-278859937,S2-990608255,S1_S2,US,0,none
S1-278859937,S3-685539066,S1_S3,US,0,none
S1-278961556,S2-999068037,S1_S2,US,0,none
S1-278961556,S3-41851063,S1_S3,US,0,none
S1-279484486,S2-191020065,S1_S2,US,0,none
S1-279484486,S2-717163343,S1_S2,US,0,none
S1-279484486,S2-980962668,S1_S2,US,0,none
S1-28019485,S2-203585958,S1_S2,India,0,none
S1-28019485,S2-30411656,S1_S2,India,0,none
S1-28019485,S3-533508766,S1_S3,India,0,none
S1-28039335,S2-839666192,S1_S2,India,0,none
S1-28039335,S3-72640839,S1_S3,India,0,none
S1-28039335,S3-774912196,S1_S3,India,0,none
S1-280526768,S3-468838407,S1_S3,US,0,none
S1-281229577,S2-817337341,S1_S2,US,0,none
S1-281229577,S3-645854863,S1_S3,US,0,none
S1-282186181,S2-276697110,S1_S2,India,0,none
S1-282186181,S2-360492419,S1_S2,India,0,none
S1-282186181,S3-752242339,S1_S3,India,0,none
S1-282888595,S2-536932916,S1_S2,US,0,none
S1-282888595,S2-908868346,S1_S2,US,0,none
S1-282888595,S3-230548988,S1_S3,US,0,none
S1-282888595,S3-795249212,S1_S3,US,0,none
S1-284699450,S2-742970529,S1_S2,US,0,none
S1-284699450,S3-798649234,S1_S3,US,0,none
S1-285429959,S2-429652542,S1_S2,US,0,none
S1-286675941,S3-825360407,S1_S3,US,0,none
S1-287057193,S2-771629903,S1_S2,India,0,none
S1-287057193,S3-574783730,S1_S3,India,0,none
S1-287467325,S3-939875540,S1_S3,India,0,none
S1-288657743,S2-936905158,S1_S2,US,0,none
S1-288657743,S3-16672788,S1_S3,US,0,none
S1-289466389,S2-266005605,S1_S2,India,0,none
S1-289466389,S3-558851580,S1_S3,India,0,none
S1-289466389,S3-789142925,S1_S3,India,0,none
S1-289495470,S2-243812337,S1_S2,US,0,none
S1-289680295,S2-221063931,S1_S2,US,0,none
S1-289680295,S2-591277113,S1_S2,US,0,none
S1-289680295,S2-854347451,S1_S2,US,0,none
S1-289680295,S3-765974147,S1_S3,US,0,none
S1-290244044,S2-560228397,S1_S2,India,0,none
S1-290244044,S3-501236225,S1_S3,India,0,none
S1-291230458,S2-30063420,S1_S2,US,0,none
S1-291230458,S3-261909274,S1_S3,US,0,none
S1-291230458,S3-553280379,S1_S3,US,0,none
S1-291421991,S2-505416246,S1_S2,US,0,none
S1-291421991,S2-714587871,S1_S2,US,0,none
S1-291421991,S3-451527797,S1_S3,US,0,none
S1-292512855,S2-784800302,S1_S2,India,0,none
S1-292512855,S3-381698937,S1_S3,India,0,none
S1-292821167,S3-786960648,S1_S3,US,0,none
S1-292821167,S3-832916405,S1_S3,US,0,none
S1-29282621,S2-139708755,S1_S2,US,0,none
S1-29282621,S2-578388332,S1_S2,US,0,none
S1-292930179,S3-163983879,S1_S3,US,0,none
S1-293249059,S2-232858507,S1_S2,India,0,none
S1-293249059,S3-7902947,S1_S3,India,0,none
S1-293600805,S2-119656010,S1_S2,US,0,none
S1-293600805,S2-172564091,S1_S2,US,0,none
S1-293673568,S2-623639058,S1_S2,India,0,none
S1-293673568,S2-950382747,S1_S2,India,0,none
S1-293673568,S3-489943629,S1_S3,India,0,none
S1-293916464,S2-280405287,S1_S2,US,0,none
S1-293916464,S2-446392071,S1_S2,US,0,none
S1-293916464,S2-565301074,S1_S2,US,0,none
S1-293916464,S3-684217752,S1_S3,US,0,none
S1-294230734,S2-68666471,S1_S2,US,0,none
S1-294796930,S2-363403979,S1_S2,US,0,none
S1-294916288,S3-686502027,S1_S3,US,0,none
S1-295265759,S2-643171564,S1_S2,US,0,none
S1-295265759,S2-808495620,S1_S2,US,0,none
S1-295265759,S3-793020622,S1_S3,US,0,none
S1-296289462,S2-422922311,S1_S2,US,0,none
S1-296289462,S2-957347341,S1_S2,US,0,none
S1-296289462,S3-986153620,S1_S3,US,0,none
S1-29795315,S3-459889391,S1_S3,US,0,none
S1-299046429,S2-649097337,S1_S2,India,0,none
S1-299046429,S3-440681273,S1_S3,India,0,none
S1-299046429,S3-588076343,S1_S3,India,0,none
S1-299046429,S3-994803574,S1_S3,India,0,none
S1-299164722,S2-451851258,S1_S2,India,0,none
S1-299194858,S2-386747195,S1_S2,US,0,none
S1-299194858,S3-247733453,S1_S3,US,0,none
S1-299194858,S3-591995370,S1_S3,US,0,none
S1-299194858,S3-774741102,S1_S3,US,0,none
S1-299784551,S2-933233097,S1_S2,US,0,none
S1-299784551,S3-122640,S1_S3,US,0,none
S1-300227445,S2-83401939,S1_S2,India,0,none
S1-300227445,S3-374233291,S1_S3,India,0,none
S1-300227445,S3-619577277,S1_S3,India,0,none
S1-300227445,S3-901974213,S1_S3,India,0,none
S1-300519954,S2-619393689,S1_S2,US,0,none
S1-300519954,S3-296758683,S1_S3,US,0,none
S1-300743711,S3-817269255,S1_S3,India,0,none
S1-300780707,S2-534946635,S1_S2,India,0,none
S1-300780707,S3-218953011,S1_S3,India,0,none
S1-300896609,S2-127133495,S1_S2,US,0,none
S1-301203315,S2-353702375,S1_S2,India,0,none
S1-301203315,S2-716710059,S1_S2,India,0,none
S1-301203315,S2-869173827,S1_S2,India,0,none
S1-301203315,S3-232716428,S1_S3,India,0,none
S1-301203315,S3-8043741,S1_S3,India,0,none
S1-301405675,S2-978776414,S1_S2,US,0,none
S1-301405675,S3-325146578,S1_S3,US,0,none
S1-301405675,S3-401092954,S1_S3,US,0,none
S1-301405675,S3-421979893,S1_S3,US,0,none
S1-301405675,S3-589948759,S1_S3,US,0,none
S1-301467957,S2-357309183,S1_S2,US,0,none
S1-301489596,S2-551487115,S1_S2,US,0,none
S1-301911858,S2-16346801,S1_S2,US,0,none
S1-30203446,S3-875017493,S1_S3,US,0,none
S1-302308549,S2-964273145,S1_S2,US,0,none
S1-305132798,S2-5123934,S1_S2,India,0,none
S1-305132798,S2-706212143,S1_S2,India,0,none
S1-305132798,S3-49340184,S1_S3,India,0,none
S1-306651355,S2-178084293,S1_S2,US,0,none
S1-306651355,S3-917672313,S1_S3,US,0,none
S1-307612344,S2-743382858,S1_S2,India,0,none
S1-308010583,S2-659582356,S1_S2,US,0,none
S1-308010583,S2-687290664,S1_S2,US,0,none
S1-308821408,S3-820481179,S1_S3,US,0,none
S1-31019271,S2-173996989,S1_S2,India,0,none
S1-31019271,S2-215077662,S1_S2,India,0,none
S1-31019271,S2-670957366,S1_S2,India,0,none
S1-31019271,S2-803395538,S1_S2,India,0,none
S1-31019271,S3-2410939,S1_S3,India,0,none
S1-310246194,S2-721210492,S1_S2,US,0,none
S1-311450058,S3-405715250,S1_S3,US,0,none
S1-311450058,S3-998147224,S1_S3,US,0,none
S1-311616100,S2-131821408,S1_S2,India,0,none
S1-311616100,S2-541444844,S1_S2,India,0,none
S1-311616100,S2-698736513,S1_S2,India,0,none
S1-311616100,S3-131205842,S1_S3,India,0,none
S1-311616100,S3-200700059,S1_S3,India,0,none
S1-311616100,S3-300907429,S1_S3,India,0,none
S1-311616100,S3-844457623,S1_S3,India,0,none
S1-31285744,S2-203308242,S1_S2,India,0,none
S1-31285744,S3-109483759,S1_S3,India,0,none
S1-31285744,S3-419192664,S1_S3,India,0,none
S1-313054009,S2-464287951,S1_S2,India,0,none
S1-313054009,S3-727353324,S1_S3,India,0,none
S1-313719008,S3-759014243,S1_S3,India,0,none
S1-313810955,S2-999665338,S1_S2,US,0,none
S1-313810955,S3-271023119,S1_S3,US,0,none
S1-313810955,S3-458455695,S1_S3,US,0,none
S1-314283763,S3-897891894,S1_S3,US,0,none
S1-314283763,S3-93243880,S1_S3,US,0,none
S1-314614917,S2-256406390,S1_S2,India,0,none
S1-314614917,S2-310749554,S1_S2,India,0,none
S1-314614917,S3-134329569,S1_S3,India,0,none
S1-314614917,S3-339440851,S1_S3,India,0,none
S1-316156121,S2-288211865,S1_S2,US,0,none
S1-316200192,S3-278837223,S1_S3,India,0,none
S1-316953327,S2-105072489,S1_S2,India,0,none
S1-316953327,S2-745583267,S1_S2,India,0,none
S1-316953327,S3-680872000,S1_S3,India,0,none
S1-317669597,S2-277609937,S1_S2,India,0,none
S1-317669597,S2-442203845,S1_S2,India,0,none
S1-317669597,S2-819737115,S1_S2,India,0,none
S1-317669597,S2-940420578,S1_S2,India,0,none
S1-317669597,S3-258609275,S1_S3,India,0,none
S1-318204006,S2-299535780,S1_S2,US,0,none
S1-318204006,S3-16566718,S1_S3,US,0,none
S1-318204006,S3-616536970,S1_S3,US,0,none
S1-318204006,S3-655090796,S1_S3,US,0,none
S1-318795527,S2-706149110,S1_S2,US,0,none
S1-318932549,S2-214929966,S1_S2,US,0,none
S1-318932549,S2-585258121,S1_S2,US,0,none
S1-318932549,S3-179644571,S1_S3,US,0,none
S1-318932549,S3-553687607,S1_S3,US,0,none
S1-319271519,S2-23460259,S1_S2,India,0,none
S1-319271519,S3-749247660,S1_S3,India,0,none
S1-320012646,S2-33648606,S1_S2,India,0,none
S1-320012646,S2-759193850,S1_S2,India,0,none
S1-320012646,S3-402145886,S1_S3,India,0,none
S1-320277832,S2-149170866,S1_S2,India,0,none
S1-320277832,S2-219318430,S1_S2,India,0,none
S1-320277832,S2-250808172,S1_S2,India,0,none
S1-320277832,S2-397228480,S1_S2,India,0,none
S1-320504224,S3-198980711,S1_S3,US,0,none
S1-320727021,S2-709686928,S1_S2,India,0,none
S1-320983340,S2-163915111,S1_S2,India,0,none
S1-320983340,S3-763688213,S1_S3,India,0,none
S1-321026130,S2-255192718,S1_S2,India,0,none
S1-321026130,S2-415861353,S1_S2,India,0,none
S1-321026130,S2-630906073,S1_S2,India,0,none
S1-321026130,S2-753471487,S1_S2,India,0,none
S1-321026130,S3-15733837,S1_S3,India,0,none
S1-321026130,S3-361162780,S1_S3,India,0,none
S1-321026130,S3-978819528,S1_S3,India,0,none
S1-321740131,S3-722571233,S1_S3,US,0,none
S1-32246016,S2-907465325,S1_S2,US,0,none
S1-32246016,S3-681170369,S1_S3,US,0,none
S1-32246016,S3-834496069,S1_S3,US,0,none
S1-323270008,S2-404839060,S1_S2,US,0,none
S1-323270008,S3-32929955,S1_S3,US,0,none
S1-323270008,S3-951239358,S1_S3,US,0,none
S1-323293554,S2-847774214,S1_S2,India,0,none
S1-323293554,S3-119697487,S1_S3,India,0,none
S1-323293554,S3-316348381,S1_S3,India,0,none
S1-323293554,S3-635281403,S1_S3,India,0,none
S1-323861365,S2-326979637,S1_S2,India,0,none
S1-323861365,S2-818182906,S1_S2,India,0,none
S1-323861365,S3-659559314,S1_S3,India,0,none
S1-323861365,S3-805618740,S1_S3,India,0,none
S1-323981577,S2-300639797,S1_S2,US,0,none
S1-323981577,S2-679006301,S1_S2,US,0,none
S1-323981577,S2-819517071,S1_S2,US,0,none
S1-323981577,S2-876917492,S1_S2,US,0,none
S1-324316646,S2-286190148,S1_S2,US,0,none
S1-324316646,S3-242826465,S1_S3,US,0,none
S1-326048618,S2-574731894,S1_S2,India,0,none
S1-326048618,S3-440394418,S1_S3,India,0,none
S1-326120404,S2-134590399,S1_S2,US,0,none
S1-326120404,S2-472234834,S1_S2,US,0,none
S1-326120404,S3-615906842,S1_S3,US,0,none
S1-326675514,S2-949180500,S1_S2,US,0,none
S1-326675514,S3-373640039,S1_S3,US,0,none
S1-326987907,S2-186438147,S1_S2,India,0,none
S1-326987907,S2-843529078,S1_S2,India,0,none
S1-326987907,S2-866023084,S1_S2,India,0,none
S1-326987907,S3-244140324,S1_S3,India,0,none
S1-326987907,S3-67791218,S1_S3,India,0,none
S1-326987907,S3-682780280,S1_S3,India,0,none
S1-327168277,S2-184681834,S1_S2,US,0,none
S1-327168277,S2-964842577,S1_S2,US,0,none
S1-327168277,S3-207685309,S1_S3,US,0,none
S1-327168277,S3-411410351,S1_S3,US,0,none
S1-328196776,S2-604992542,S1_S2,US,0,none
S1-329401809,S2-862226466,S1_S2,India,0,none
S1-329401809,S3-81250982,S1_S3,India,0,none
S1-329401809,S3-855873398,S1_S3,India,0,none
S1-331189351,S2-427886059,S1_S2,US,0,none
S1-331189351,S2-462465937,S1_S2,US,0,none
S1-331189351,S2-758215442,S1_S2,US,0,none
S1-331189351,S2-893741302,S1_S2,US,0,none
S1-331189351,S3-734425962,S1_S3,US,0,none
S1-331845786,S2-521573904,S1_S2,US,0,none
S1-332758104,S2-40032746,S1_S2,India,0,none
S1-332758104,S3-131331730,S1_S3,India,0,none
S1-332758104,S3-746086893,S1_S3,India,0,none
S1-334125323,S2-637487261,S1_S2,US,0,none
S1-334125323,S2-891521014,S1_S2,US,0,none
S1-334125323,S3-213714497,S1_S3,US,0,none
S1-334305546,S3-264536909,S1_S3,India,0,none
S1-334305546,S3-314034304,S1_S3,India,0,none
S1-334305546,S3-343420591,S1_S3,India,0,none
S1-334411924,S2-721904436,S1_S2,India,0,none
S1-334411924,S2-880237967,S1_S2,India,0,none
S1-334411924,S3-47111999,S1_S3,India,0,none
S1-334464454,S2-281142688,S1_S2,India,0,none
S1-334464454,S3-678902466,S1_S3,India,0,none
S1-335580173,S3-509928017,S1_S3,US,0,none
S1-335580173,S3-701461081,S1_S3,US,0,none
S1-335642065,S3-121604494,S1_S3,US,0,none
S1-335642065,S3-347539089,S1_S3,US,0,none
S1-335642065,S3-520974943,S1_S3,US,0,none
S1-335642065,S3-969466948,S1_S3,US,0,none
S1-336042628,S2-368219482,S1_S2,US,0,none
S1-336042628,S2-893916758,S1_S2,US,0,none
S1-336246354,S2-395301045,S1_S2,India,0,none
S1-336246354,S2-892808124,S1_S2,India,0,none
S1-336246354,S3-17024388,S1_S3,India,0,none
S1-336246354,S3-267777447,S1_S3,India,0,none
S1-336246354,S3-481057895,S1_S3,India,0,none
S1-336246354,S3-528678344,S1_S3,India,0,none
S1-337056341,S2-907600980,S1_S2,India,0,none
S1-337056341,S3-156172176,S1_S3,India,0,none
S1-337204815,S3-986994666,S1_S3,US,0,none
S1-337284079,S2-895818950,S1_S2,India,0,none
S1-33924541,S3-531181182,S1_S3,India,0,none
S1-33924541,S3-972494330,S1_S3,India,0,none
S1-339442047,S2-807250179,S1_S2,US,0,none
S1-339799692,S2-487695231,S1_S2,US,0,none
S1-339799692,S2-72957778,S1_S2,US,0,none
S1-339799692,S3-417147717,S1_S3,US,0,none
S1-340323269,S3-545869643,S1_S3,India,0,none
S1-340323269,S3-610298893,S1_S3,India,0,none
S1-34047113,S2-401510564,S1_S2,India,0,none
S1-34047113,S2-930549783,S1_S2,India,0,none
S1-340906971,S3-487985458,S1_S3,US,0,none
S1-341162705,S2-285901829,S1_S2,US,0,none
S1-341162705,S3-377741110,S1_S3,US,0,none
S1-341400332,S2-11142639,S1_S2,US,0,none
S1-341400332,S2-570867868,S1_S2,US,0,none
S1-341794279,S2-992264014,S1_S2,US,0,none
S1-343437268,S2-682115004,S1_S2,US,0,none
S1-343437268,S3-813786430,S1_S3,US,0,none
S1-343744311,S2-550448882,S1_S2,US,0,none
S1-343744311,S3-591180262,S1_S3,US,0,none
S1-343902106,S3-60891522,S1_S3,US,0,none
S1-344155557,S2-392496547,S1_S2,India,0,none
S1-344155557,S2-540266950,S1_S2,India,0,none
S1-345064812,S2-110454645,S1_S2,US,0,none
S1-345064812,S2-224705121,S1_S2,US,0,none
S1-345241196,S2-102942713,S1_S2,India,0,none
S1-345241196,S2-799695016,S1_S2,India,0,none
S1-345241196,S3-384665530,S1_S3,India,0,none
S1-3457577,S2-852704572,S1_S2,India,0,none
S1-3457577,S3-989846153,S1_S3,India,0,none
S1-347096098,S2-471285293,S1_S2,India,0,none
S1-347096098,S2-801017179,S1_S2,India,0,none
S1-347246687,S3-444516065,S1_S3,US,0,none
S1-347617670,S2-702761643,S1_S2,India,0,none
S1-347617670,S3-666828975,S1_S3,India,0,none
S1-348258844,S2-496479147,S1_S2,India,0,none
S1-348258844,S2-873486674,S1_S2,India,0,none
S1-348258844,S3-528626862,S1_S3,India,0,none
S1-348554872,S2-475486765,S1_S2,India,0,none
S1-348554872,S2-551128643,S1_S2,India,0,none
S1-348554872,S2-726758594,S1_S2,India,0,none
S1-348554872,S3-166316402,S1_S3,India,0,none
S1-348554872,S3-652261376,S1_S3,India,0,none
S1-348757455,S2-217222311,S1_S2,US,0,none
S1-348757455,S2-616846969,S1_S2,US,0,none
S1-348757455,S2-720819317,S1_S2,US,0,none
S1-348757455,S3-267438870,S1_S3,US,0,none
S1-348757455,S3-845938305,S1_S3,US,0,none
S1-349293109,S2-924221183,S1_S2,US,0,none
S1-349427961,S2-789617040,S1_S2,US,0,none
S1-349427961,S2-952918578,S1_S2,US,0,none
S1-349684663,S2-6283010,S1_S2,US,0,none
S1-349684663,S3-427117501,S1_S3,US,0,none
S1-350019888,S2-435978928,S1_S2,US,0,none
S1-350019888,S2-897896259,S1_S2,US,0,none
S1-350019888,S2-995527315,S1_S2,US,0,none
S1-350019888,S3-337484586,S1_S3,US,0,none
S1-350239319,S2-150761254,S1_S2,India,0,none
S1-350239319,S2-415359352,S1_S2,India,0,none
S1-350239319,S2-731143173,S1_S2,India,0,none
S1-350601611,S2-673402599,S1_S2,India,0,none
S1-35107107,S2-205306404,S1_S2,India,0,none
S1-35107107,S2-26219755,S1_S2,India,0,none
S1-351261305,S2-33285344,S1_S2,US,0,none
S1-351261305,S2-906065221,S1_S2,US,0,none
S1-351261305,S3-580337178,S1_S3,US,0,none
S1-351261305,S3-763973286,S1_S3,US,0,none
S1-351613831,S2-42192173,S1_S2,US,0,none
S1-351613831,S3-242456954,S1_S3,US,0,none
S1-351613831,S3-774946721,S1_S3,US,0,none
S1-352286462,S2-411241989,S1_S2,US,0,none
S1-352286462,S3-444533377,S1_S3,US,0,none
S1-352316702,S2-362388984,S1_S2,US,0,none
S1-352316702,S3-519714776,S1_S3,US,0,none
S1-352316702,S3-884189290,S1_S3,US,0,none
S1-352316702,S3-91524222,S1_S3,US,0,none
S1-353017337,S2-517679581,S1_S2,US,0,none
S1-353017337,S3-206124880,S1_S3,US,0,none
S1-353017337,S3-490795722,S1_S3,US,0,none
S1-353017337,S3-654380123,S1_S3,US,0,none
S1-353017337,S3-828790133,S1_S3,US,0,none
S1-353361061,S3-201108345,S1_S3,US,0,none
S1-354828588,S2-533168312,S1_S2,India,0,none
S1-354828588,S2-812779901,S1_S2,India,0,none
S1-354828588,S3-774151602,S1_S3,India,0,none
S1-354828588,S3-878575323,S1_S3,India,0,none
S1-354828588,S3-916668817,S1_S3,India,0,none
S1-355303868,S2-820202262,S1_S2,US,0,none
S1-355303868,S2-932945188,S1_S2,US,0,none
S1-355447409,S2-285407400,S1_S2,US,0,none
S1-355447409,S2-665984224,S1_S2,US,0,none
S1-355447409,S3-524784781,S1_S3,US,0,none
S1-355613187,S2-406920406,S1_S2,India,0,none
S1-355613187,S2-601450654,S1_S2,India,0,none
S1-355613187,S2-659973351,S1_S2,India,0,none
S1-355613187,S3-395839724,S1_S3,India,0,none
S1-355613187,S3-562593744,S1_S3,India,0,none
S1-356105639,S2-221801931,S1_S2,India,0,none
S1-356105639,S2-343048402,S1_S2,India,0,none
S1-356105639,S2-865484923,S1_S2,India,0,none
S1-356105639,S3-140091512,S1_S3,India,0,none
S1-356105639,S3-29266600,S1_S3,India,0,none
S1-356105639,S3-635336538,S1_S3,India,0,none
S1-356354644,S3-489048620,S1_S3,India,0,none
S1-357024102,S2-51102164,S1_S2,US,0,none
S1-357024102,S2-789308765,S1_S2,US,0,none
S1-359254597,S2-519394476,S1_S2,India,0,none
S1-359254597,S2-663442811,S1_S2,India,0,none
S1-360067729,S2-184525252,S1_S2,India,0,none
S1-360067729,S2-56020723,S1_S2,India,0,none
S1-361515932,S2-850063647,S1_S2,US,0,none
S1-361515932,S3-445911845,S1_S3,US,0,none
S1-362207837,S2-336650963,S1_S2,US,0,none
S1-362207837,S2-50628061,S1_S2,US,0,none
S1-362207837,S3-858171919,S1_S3,US,0,none
S1-362207837,S3-925607940,S1_S3,US,0,none
S1-36381281,S2-118570556,S1_S2,India,0,none
S1-36381281,S2-892373124,S1_S2,India,0,none
S1-36381281,S3-103456548,S1_S3,India,0,none
S1-363817460,S2-192217724,S1_S2,US,0,none
S1-363817460,S2-894967471,S1_S2,US,0,none
S1-363817460,S3-547009628,S1_S3,US,0,none
S1-363817460,S3-751598386,S1_S3,US,0,none
S1-363912292,S2-553062932,S1_S2,US,0,none
S1-363912292,S3-925474917,S1_S3,US,0,none
S1-364484701,S2-777376763,S1_S2,India,0,none
S1-364484701,S3-605184216,S1_S3,India,0,none
S1-364484701,S3-735163141,S1_S3,India,0,none
S1-365645792,S2-702636914,S1_S2,US,0,none
S1-366128662,S2-1455798,S1_S2,US,0,none
S1-366128662,S2-770038546,S1_S2,US,0,none
S1-366128662,S3-108933806,S1_S3,US,0,none
S1-366128662,S3-609938138,S1_S3,US,0,none
S1-366827655,S2-128346213,S1_S2,India,0,none
S1-366827655,S3-674838460,S1_S3,India,0,none
S1-366827655,S3-951992084,S1_S3,India,0,none
S1-367191063,S2-205216374,S1_S2,US,0,none
S1-367915371,S2-246014557,S1_S2,US,0,none
S1-367915371,S2-945450575,S1_S2,US,0,none
S1-369159471,S2-117055412,S1_S2,US,0,none
S1-369159471,S2-52906626,S1_S2,US,0,none
S1-369418641,S2-273638325,S1_S2,US,0,none
S1-36946139,S2-2361877,S1_S2,India,0,none
S1-36946139,S3-363428315,S1_S3,India,0,none
S1-36946139,S3-374949094,S1_S3,India,0,none
S1-36946139,S3-428011679,S1_S3,India,0,none
S1-370015709,S2-508909915,S1_S2,US,0,none
S1-370015709,S3-394428608,S1_S3,US,0,none
S1-370269815,S2-485802808,S1_S2,US,0,none
S1-370269815,S3-835267648,S1_S3,US,0,none
S1-370269815,S3-932907745,S1_S3,US,0,none
S1-370708238,S2-1813189,S1_S2,US,0,none
S1-370708238,S2-27964550,S1_S2,US,0,none
S1-370708238,S2-366311403,S1_S2,US,0,none
S1-370708238,S3-572409863,S1_S3,US,0,none
S1-370708238,S3-966947755,S1_S3,US,0,none
S1-372277739,S2-267051010,S1_S2,US,0,none
S1-372277739,S2-746800411,S1_S2,US,0,none
S1-372277739,S3-35333184,S1_S3,US,0,none
S1-372806151,S2-603244428,S1_S2,US,0,none
S1-372806151,S3-163638799,S1_S3,US,0,none
S1-372806151,S3-405099746,S1_S3,US,0,none
S1-373224084,S2-116073785,S1_S2,US,0,none
S1-373224084,S2-157127448,S1_S2,US,0,none
S1-373224084,S3-274548838,S1_S3,US,0,none
S1-373224084,S3-291348233,S1_S3,US,0,none
S1-373224084,S3-300841089,S1_S3,US,0,none
S1-373654843,S2-30791369,S1_S2,US,0,none
S1-373654843,S2-819122892,S1_S2,US,0,none
S1-373701207,S3-413083967,S1_S3,India,0,none
S1-373887663,S2-185035822,S1_S2,India,0,none
S1-373887663,S3-115958537,S1_S3,India,0,none
S1-373887663,S3-541519639,S1_S3,India,0,none
S1-374014399,S3-783048723,S1_S3,US,0,none
S1-374100046,S2-205612456,S1_S2,US,0,none
S1-374100046,S3-620272876,S1_S3,US,0,none
S1-374100046,S3-843680349,S1_S3,US,0,none
S1-374132979,S3-219740702,S1_S3,India,0,none
S1-374132979,S3-701089141,S1_S3,India,0,none
S1-374498112,S2-815189852,S1_S2,US,0,none
S1-374498112,S2-949561751,S1_S2,US,0,none
S1-374752735,S3-444162433,S1_S3,US,0,none
S1-374752735,S3-574390470,S1_S3,US,0,none
S1-375000164,S2-770852867,S1_S2,India,0,none
S1-375159660,S3-308200420,S1_S3,US,0,none
S1-376131040,S2-109887048,S1_S2,US,0,none
S1-376332215,S2-164780455,S1_S2,US,0,none
S1-376332215,S3-464635242,S1_S3,US,0,none
S1-376332215,S3-799022327,S1_S3,US,0,none
S1-377545015,S2-355557531,S1_S2,India,0,none
S1-377545015,S2-795498497,S1_S2,India,0,none
S1-377545015,S2-912294472,S1_S2,India,0,none
S1-377545015,S3-19916842,S1_S3,India,0,none
S1-377545015,S3-983870203,S1_S3,India,0,none
S1-378008377,S2-749378432,S1_S2,US,0,none
S1-378008377,S3-530553168,S1_S3,US,0,none
S1-378008377,S3-729192239,S1_S3,US,0,none
S1-378008377,S3-914354257,S1_S3,US,0,none
S1-378118307,S3-848840292,S1_S3,US,0,none
S1-378118307,S3-904202501,S1_S3,US,0,none
S1-378332689,S3-259033318,S1_S3,US,0,none
S1-378332689,S3-442285019,S1_S3,US,0,none
S1-378499303,S2-710256172,S1_S2,US,0,none
S1-378499303,S3-642604799,S1_S3,US,0,none
S1-379149016,S2-166791563,S1_S2,US,0,none
S1-379149016,S2-346195506,S1_S2,US,0,none
S1-379195829,S2-332520290,S1_S2,US,0,none
S1-379195829,S3-40004786,S1_S3,US,0,none
S1-379195829,S3-985326021,S1_S3,US,0,none
S1-379333910,S3-522681878,S1_S3,US,0,none
S1-379333910,S3-592756075,S1_S3,US,0,none
S1-380427704,S2-202208686,S1_S2,US,0,none
S1-380873891,S3-696908857,S1_S3,India,0,none
S1-381540720,S3-606429655,S1_S3,US,0,none
S1-381676433,S3-606634691,S1_S3,India,0,none
S1-382249312,S3-733671372,S1_S3,India,0,none
S1-382327969,S2-907909247,S1_S2,India,0,none
S1-384145846,S2-599216912,S1_S2,India,0,none
S1-384145846,S3-635407392,S1_S3,India,0,none
S1-384145846,S3-991018293,S1_S3,India,0,none
S1-384984606,S2-142731097,S1_S2,US,0,none
S1-384984606,S2-485540862,S1_S2,US,0,none
S1-384984606,S3-619879310,S1_S3,US,0,none
S1-384984606,S3-678280756,S1_S3,US,0,none
S1-385126757,S2-218960066,S1_S2,US,0,none
S1-385150945,S3-184056255,S1_S3,US,0,none
S1-385150945,S3-464402458,S1_S3,US,0,none
S1-385150945,S3-55738389,S1_S3,US,0,none
S1-385150945,S3-635733725,S1_S3,US,0,none
S1-385493205,S3-886695745,S1_S3,US,0,none
S1-386278516,S2-498314,S1_S2,US,0,none
S1-386439012,S2-548198609,S1_S2,US,0,none
S1-386439012,S2-802807331,S1_S2,US,0,none
S1-386769104,S2-786712230,S1_S2,US,0,none
S1-386769104,S2-995991065,S1_S2,US,0,none
S1-389892977,S2-209016290,S1_S2,US,0,none
S1-389892977,S3-302772709,S1_S3,US,0,none
S1-389892977,S3-773222345,S1_S3,US,0,none
S1-390359504,S2-67236273,S1_S2,US,0,none
S1-390359504,S3-400669921,S1_S3,US,0,none
S1-390980548,S2-397461109,S1_S2,India,0,none
S1-390980548,S2-841890538,S1_S2,India,0,none
S1-390980548,S3-121869963,S1_S3,India,0,none
S1-390980548,S3-35635136,S1_S3,India,0,none
S1-390980548,S3-455445592,S1_S3,India,0,none
S1-39110031,S2-530862778,S1_S2,India,0,none
S1-39110031,S2-921823076,S1_S2,India,0,none
S1-39110031,S3-45832284,S1_S3,India,0,none
S1-391264023,S2-861382607,S1_S2,India,0,none
S1-391264023,S3-329156690,S1_S3,India,0,none
S1-391264023,S3-508621407,S1_S3,India,0,none
S1-391264023,S3-815466228,S1_S3,India,0,none
S1-391709081,S2-664909129,S1_S2,India,0,none
S1-391709081,S3-923063801,S1_S3,India,0,none
S1-391950850,S2-714826290,S1_S2,India,0,none
S1-391950850,S2-966253260,S1_S2,India,0,none
S1-392337437,S2-274935484,S1_S2,India,0,none
S1-392337437,S3-578536960,S1_S3,India,0,none
S1-394636596,S2-560292810,S1_S2,US,0,none
S1-394907162,S2-172560465,S1_S2,India,0,none
S1-394907162,S3-764463127,S1_S3,India,0,none
S1-395120793,S2-300809985,S1_S2,US,0,none
S1-395120793,S2-419884830,S1_S2,US,0,none
S1-395120793,S3-681945960,S1_S3,US,0,none
S1-395516473,S3-509581208,S1_S3,India,0,none
S1-395643174,S2-561713156,S1_S2,India,0,none
S1-395643174,S3-45059412,S1_S3,India,0,none
S1-395643174,S3-465485729,S1_S3,India,0,none
S1-396351,S2-400627883,S1_S2,US,0,none
S1-396351,S3-241155684,S1_S3,US,0,none
S1-39646146,S2-107707678,S1_S2,India,0,none
S1-39646146,S2-392754926,S1_S2,India,0,none
S1-39646146,S3-106952801,S1_S3,India,0,none
S1-39646146,S3-576944157,S1_S3,India,0,none
S1-398008342,S3-430748004,S1_S3,US,0,none
S1-398008342,S3-908569035,S1_S3,US,0,none
S1-398412172,S2-811574644,S1_S2,India,0,none
S1-398412172,S3-586650684,S1_S3,India,0,none
S1-399261507,S2-331457143,S1_S2,US,0,none
S1-399491689,S2-951921159,S1_S2,US,0,none
S1-400671105,S3-488128715,S1_S3,US,0,none
S1-400671105,S3-557116439,S1_S3,US,0,none
S1-400671105,S3-904946507,S1_S3,US,0,none
S1-401168533,S3-364524063,S1_S3,US,0,none
S1-401168533,S3-678917213,S1_S3,US,0,none
S1-401945130,S3-931262773,S1_S3,US,0,none
S1-402105162,S2-907715649,S1_S2,US,0,none
S1-402407925,S2-141480666,S1_S2,US,0,none
S1-402407925,S2-580660907,S1_S2,US,0,none
S1-402407925,S3-892036246,S1_S3,US,0,none
S1-403198807,S3-754669912,S1_S3,US,0,none
S1-403232439,S2-622665967,S1_S2,US,0,none
S1-403232439,S3-72612464,S1_S3,US,0,none
S1-403232439,S3-854648545,S1_S3,US,0,none
S1-403232439,S3-882674122,S1_S3,US,0,none
S1-403289482,S2-236761750,S1_S2,India,0,none
S1-403289482,S2-660263017,S1_S2,India,0,none
S1-403289482,S3-165056347,S1_S3,India,0,none
S1-404176129,S2-580295161,S1_S2,US,0,none
S1-404176129,S3-846653872,S1_S3,US,0,none
S1-404611185,S2-263377582,S1_S2,US,0,none
S1-404611185,S2-747342812,S1_S2,US,0,none
S1-404611185,S3-442876613,S1_S3,US,0,none
S1-405935756,S2-950037263,S1_S2,US,0,none
S1-405935756,S3-370131172,S1_S3,US,0,none
S1-405935756,S3-560560943,S1_S3,US,0,none
S1-406231487,S2-430478289,S1_S2,India,0,none
S1-406231487,S2-504401271,S1_S2,India,0,none
S1-406231487,S3-716812940,S1_S3,India,0,none
S1-406231487,S3-772331360,S1_S3,India,0,none
S1-406412295,S2-6580095,S1_S2,US,0,none
S1-406412295,S3-645274351,S1_S3,US,0,none
S1-408249238,S3-224918963,S1_S3,India,0,none
S1-408409279,S2-339887873,S1_S2,US,0,none
S1-408409279,S2-380606766,S1_S2,US,0,none
S1-408409279,S3-79869574,S1_S3,US,0,none
S1-408409279,S3-907037832,S1_S3,US,0,none
S1-408941682,S2-314317780,S1_S2,US,0,none
S1-408941682,S2-737762637,S1_S2,US,0,none
S1-408941682,S3-547926341,S1_S3,US,0,none
S1-40934960,S3-150892612,S1_S3,US,0,none
S1-410152940,S2-525339545,S1_S2,US,0,none
S1-410960251,S2-627961049,S1_S2,US,0,none
S1-410960251,S3-445333878,S1_S3,US,0,none
S1-410960251,S3-992115824,S1_S3,US,0,none
S1-411085106,S2-400133143,S1_S2,US,0,none
S1-411436642,S3-925693959,S1_S3,US,0,none
S1-412264584,S2-418820877,S1_S2,US,0,none
S1-412264584,S2-661199976,S1_S2,US,0,none
S1-412264584,S3-76764325,S1_S3,US,0,none
S1-412381392,S2-580452974,S1_S2,India,0,none
S1-412381392,S3-32852112,S1_S3,India,0,none
S1-412389576,S2-437312024,S1_S2,US,0,none
S1-412880334,S3-430535650,S1_S3,US,0,none
S1-412880334,S3-891928075,S1_S3,US,0,none
S1-413460215,S3-673819977,S1_S3,US,0,none
S1-413460215,S3-880743766,S1_S3,US,0,none
S1-413575118,S2-616777164,S1_S2,India,0,none
S1-413575118,S3-637936609,S1_S3,India,0,none
S1-413575118,S3-684990974,S1_S3,India,0,none
S1-413927996,S2-343641834,S1_S2,US,0,none
S1-413927996,S2-635003439,S1_S2,US,0,none
S1-413927996,S3-441201850,S1_S3,US,0,none
S1-414917952,S2-416456958,S1_S2,India,0,none
S1-414917952,S2-974198326,S1_S2,India,0,none
S1-414917952,S2-991920149,S1_S2,India,0,none
S1-414917952,S3-426919393,S1_S3,India,0,none
S1-414917952,S3-708841873,S1_S3,India,0,none
S1-415310564,S2-316159882,S1_S2,US,0,none
S1-415555923,S2-833070682,S1_S2,US,0,none
S1-415555923,S2-848149246,S1_S2,US,0,none
S1-415555923,S3-64334226,S1_S3,US,0,none
S1-415831445,S2-358942945,S1_S2,US,0,none
S1-415831445,S3-219885164,S1_S3,US,0,none
S1-415831445,S3-806205650,S1_S3,US,0,none
S1-415831445,S3-944878968,S1_S3,US,0,none
S1-415854296,S3-251789856,S1_S3,US,0,none
S1-415854296,S3-614069025,S1_S3,US,0,none
S1-416560457,S3-836478472,S1_S3,US,0,none
S1-416937850,S2-340406099,S1_S2,India,0,none
S1-416937850,S2-542228457,S1_S2,India,0,none
S1-416937850,S3-749390306,S1_S3,India,0,none
S1-417111208,S2-660907781,S1_S2,India,0,none
S1-417111208,S3-768688061,S1_S3,India,0,none
S1-417559084,S3-215878356,S1_S3,US,0,none
S1-417716206,S2-291689135,S1_S2,India,0,none
S1-417716206,S2-457485704,S1_S2,India,0,none
S1-417716206,S3-302851392,S1_S3,India,0,none
S1-417716206,S3-812993053,S1_S3,India,0,none
S1-417716206,S3-896714433,S1_S3,India,0,none
S1-417941880,S2-197647121,S1_S2,India,0,none
S1-417941880,S2-28290986,S1_S2,India,0,none
S1-418895080,S2-871103058,S1_S2,India,0,none
S1-418895080,S3-492704599,S1_S3,India,0,none
S1-418895080,S3-805792721,S1_S3,India,0,none
S1-418895080,S3-862295360,S1_S3,India,0,none
S1-419090294,S2-143720211,S1_S2,India,0,none
S1-419090294,S2-287772544,S1_S2,India,0,none
S1-419090294,S2-709915645,S1_S2,India,0,none
S1-419090294,S3-551673501,S1_S3,India,0,none
S1-419985263,S2-271791705,S1_S2,India,0,none
S1-419985263,S2-499819397,S1_S2,India,0,none
S1-419985263,S2-797880387,S1_S2,India,0,none
S1-419985263,S2-840911313,S1_S2,India,0,none
S1-419985263,S3-111932060,S1_S3,India,0,none
S1-420504460,S3-743402378,S1_S3,India,0,none
S1-42142634,S2-744553049,S1_S2,India,0,none
S1-42142634,S2-88235511,S1_S2,India,0,none
S1-42142634,S3-203582871,S1_S3,India,0,none
S1-422291222,S2-237529173,S1_S2,India,0,none
S1-422291222,S3-197568033,S1_S3,India,0,none
S1-422291222,S3-312838199,S1_S3,India,0,none
S1-422291222,S3-629333037,S1_S3,India,0,none
S1-422291222,S3-663387078,S1_S3,India,0,none
S1-422395475,S2-960317673,S1_S2,US,0,none
S1-422446958,S3-39381473,S1_S3,US,0,none
S1-422532879,S2-389492526,S1_S2,US,0,none
S1-422532879,S3-785782395,S1_S3,US,0,none
S1-424010232,S2-333616908,S1_S2,India,0,none
S1-424010232,S3-244010851,S1_S3,India,0,none
S1-424010232,S3-998133000,S1_S3,India,0,none
S1-424084047,S2-299578088,S1_S2,US,0,none
S1-424084047,S3-77171765,S1_S3,US,0,none
S1-424084047,S3-810890809,S1_S3,US,0,none
S1-424129966,S2-682654246,S1_S2,India,0,none
S1-424129966,S2-94354608,S1_S2,India,0,none
S1-424129966,S3-284503922,S1_S3,India,0,none
S1-424129966,S3-664281585,S1_S3,India,0,none
S1-424183530,S2-141989503,S1_S2,India,0,none
S1-424183530,S2-847071728,S1_S2,India,0,none
S1-424772865,S2-984819684,S1_S2,US,0,none
S1-424772865,S3-139752076,S1_S3,US,0,none
S1-424772865,S3-43277048,S1_S3,US,0,none
S1-424852212,S2-703562265,S1_S2,India,0,none
S1-424852212,S3-174630502,S1_S3,India,0,none
S1-424852212,S3-212720567,S1_S3,India,0,none
S1-425632622,S3-176570163,S1_S3,India,0,none
S1-425632622,S3-325441318,S1_S3,India,0,none
S1-426247947,S2-142565063,S1_S2,US,0,none
S1-426247947,S2-428216506,S1_S2,US,0,none
S1-426247947,S2-716983429,S1_S2,US,0,none
S1-426247947,S3-370566514,S1_S3,US,0,none
S1-426600831,S2-88429946,S1_S2,US,0,none
S1-426600831,S3-253043371,S1_S3,US,0,none
S1-426600831,S3-372879426,S1_S3,US,0,none
S1-426600831,S3-937746905,S1_S3,US,0,none
S1-426615753,S2-96819350,S1_S2,India,0,none
S1-426615753,S3-791963745,S1_S3,India,0,none
S1-42740820,S2-638242722,S1_S2,US,0,none
S1-428361086,S2-231108815,S1_S2,US,0,none
S1-428361086,S2-476745128,S1_S2,US,0,none
S1-428361086,S3-203833080,S1_S3,US,0,none
S1-428363931,S2-458285470,S1_S2,US,0,none
S1-428363931,S2-803568100,S1_S2,US,0,none
S1-428363931,S3-486627309,S1_S3,US,0,none
S1-429338283,S2-136352130,S1_S2,India,0,none
S1-429338283,S2-200918064,S1_S2,India,0,none
S1-429338283,S3-527677856,S1_S3,India,0,none
S1-429338283,S3-599161268,S1_S3,India,0,none
S1-429451154,S2-405963250,S1_S2,India,0,none
S1-429451154,S3-332945566,S1_S3,India,0,none
S1-429451154,S3-474623848,S1_S3,India,0,none
S1-429451154,S3-628243177,S1_S3,India,0,none
S1-43001753,S2-352878716,S1_S2,US,0,none
S1-43001753,S2-361105730,S1_S2,US,0,none
S1-43001753,S3-202239389,S1_S3,US,0,none
S1-430230415,S2-151391929,S1_S2,US,0,none
S1-430230415,S2-561871276,S1_S2,US,0,none
S1-430230415,S2-613106948,S1_S2,US,0,none
S1-430230415,S2-740294116,S1_S2,US,0,none
S1-430230415,S3-202285072,S1_S3,US,0,none
S1-430230415,S3-323550076,S1_S3,US,0,none
S1-430542967,S3-266901714,S1_S3,US,0,none
S1-43158310,S2-53583703,S1_S2,US,0,none
S1-431630847,S2-37354265,S1_S2,India,0,none
S1-431630847,S2-968230101,S1_S2,India,0,none
S1-431630847,S3-566668735,S1_S3,India,0,none
S1-432302215,S3-704860770,S1_S3,US,0,none
S1-434043254,S2-723398651,S1_S2,India,0,none
S1-434043254,S2-915495287,S1_S2,India,0,none
S1-434043254,S3-413527270,S1_S3,India,0,none
S1-434043254,S3-729050843,S1_S3,India,0,none
S1-434488406,S2-686574861,S1_S2,India,0,none
S1-434488406,S3-32752413,S1_S3,India,0,none
S1-43462802,S2-745220046,S1_S2,India,0,none
S1-43462802,S3-283431790,S1_S3,India,0,none
S1-43462802,S3-621658144,S1_S3,India,0,none
S1-435073743,S2-156848450,S1_S2,India,0,none
S1-435073743,S2-296515798,S1_S2,India,0,none
S1-435073743,S3-789462317,S1_S3,India,0,none
S1-436565321,S2-723518198,S1_S2,US,0,none
S1-436565321,S3-931755927,S1_S3,US,0,none
S1-436941244,S2-667152333,S1_S2,US,0,none
S1-436941244,S3-593782668,S1_S3,US,0,none
S1-438405617,S2-213612071,S1_S2,US,0,none
S1-438405617,S2-876593707,S1_S2,US,0,none
S1-438545861,S3-425392127,S1_S3,US,0,none
S1-438545861,S3-946319000,S1_S3,US,0,none
S1-44017946,S2-328282844,S1_S2,US,0,none
S1-44017946,S3-51032700,S1_S3,US,0,none
S1-44017946,S3-971234362,S1_S3,US,0,none
S1-440224502,S2-54055743,S1_S2,US,0,none
S1-440224502,S2-642665928,S1_S2,US,0,none
S1-440224502,S2-791138674,S1_S2,US,0,none
S1-440224502,S3-122949351,S1_S3,US,0,none
S1-440224502,S3-713165107,S1_S3,US,0,none
S1-440224502,S3-790199461,S1_S3,US,0,none
S1-440319845,S2-450382317,S1_S2,US,0,none
S1-440319845,S2-48123036,S1_S2,US,0,none
S1-440319845,S3-647085529,S1_S3,US,0,none
S1-440464110,S3-225653164,S1_S3,India,0,none
S1-440503419,S2-894475363,S1_S2,US,0,none
S1-440541843,S3-849512111,S1_S3,India,0,none
S1-440541843,S3-923522788,S1_S3,India,0,none
S1-440844199,S2-932692576,S1_S2,India,0,none
S1-44119060,S2-149610043,S1_S2,US,0,none
S1-44119060,S3-228524044,S1_S3,US,0,none
S1-44119060,S3-390191865,S1_S3,US,0,none
S1-44119060,S3-87120762,S1_S3,US,0,none
S1-441332805,S2-650996569,S1_S2,US,0,none
S1-441332805,S3-41206811,S1_S3,US,0,none
S1-441704312,S2-745027395,S1_S2,US,0,none
S1-441704312,S2-781760264,S1_S2,US,0,none
S1-442225971,S3-318505069,S1_S3,India,0,none
S1-442234640,S2-477043223,S1_S2,US,0,none
S1-442234640,S3-686921376,S1_S3,US,0,none
S1-443880139,S3-111499068,S1_S3,India,0,none
S1-443880139,S3-117148649,S1_S3,India,0,none
S1-443880139,S3-384036799,S1_S3,India,0,none
S1-445056574,S2-419724061,S1_S2,India,0,none
S1-445056574,S3-781676369,S1_S3,India,0,none
S1-445334705,S2-535867146,S1_S2,US,0,none
S1-445334705,S2-596466675,S1_S2,US,0,none
S1-445334705,S3-796295934,S1_S3,US,0,none
S1-445407819,S2-278186692,S1_S2,India,0,none
S1-445407819,S2-347912250,S1_S2,India,0,none
S1-445407819,S2-7361943,S1_S2,India,0,none
S1-445407819,S2-959065474,S1_S2,India,0,none
S1-445407819,S3-397090664,S1_S3,India,0,none
S1-445407819,S3-487318947,S1_S3,India,0,none
S1-445415038,S2-928210623,S1_S2,India,0,none
S1-445415038,S3-110243316,S1_S3,India,0,none
S1-445415038,S3-137030561,S1_S3,India,0,none
S1-445415038,S3-605562723,S1_S3,India,0,none
S1-448075376,S2-390514424,S1_S2,India,0,none
S1-448075376,S3-463535795,S1_S3,India,0,none
S1-448637402,S2-668285100,S1_S2,US,0,none
S1-449264481,S3-899094057,S1_S3,US,0,none
S1-44935196,S2-837957640,S1_S2,India,0,none
S1-44935196,S2-962893722,S1_S2,India,0,none
S1-44935196,S3-460597893,S1_S3,India,0,none
S1-44935196,S3-49776495,S1_S3,India,0,none
S1-44935196,S3-745757360,S1_S3,India,0,none
S1-450470351,S2-694086436,S1_S2,US,0,none
S1-450470351,S2-857038119,S1_S2,US,0,none
S1-450883292,S2-153579996,S1_S2,US,0,none
S1-450883292,S2-267262039,S1_S2,US,0,none
S1-450883292,S3-916763036,S1_S3,US,0,none
S1-450984037,S3-370733389,S1_S3,India,0,none
S1-450984037,S3-953177797,S1_S3,India,0,none
S1-452723283,S3-152314019,S1_S3,India,0,none
S1-452879845,S2-839075529,S1_S2,US,0,none
S1-452879845,S3-977777855,S1_S3,US,0,none
S1-452889166,S2-605885398,S1_S2,US,0,none
S1-452889166,S2-889121951,S1_S2,US,0,none
S1-452889166,S3-408385514,S1_S3,US,0,none
S1-452889166,S3-914010864,S1_S3,US,0,none
S1-453844268,S3-610865632,S1_S3,US,0,none
S1-453844268,S3-883396705,S1_S3,US,0,none
S1-454026731,S2-858459467,S1_S2,India,0,none
S1-454026731,S3-778741175,S1_S3,India,0,none
S1-454664848,S2-409458244,S1_S2,US,0,none
S1-455624807,S2-438895512,S1_S2,US,0,none
S1-45587267,S2-702112414,S1_S2,US,0,none
S1-45587267,S3-723408102,S1_S3,US,0,none
S1-456548884,S2-872107234,S1_S2,US,0,none
S1-456548884,S3-121382117,S1_S3,US,0,none
S1-456548884,S3-202410759,S1_S3,US,0,none
S1-456692010,S3-391799298,S1_S3,US,0,none
S1-456692010,S3-612221956,S1_S3,US,0,none
S1-456715965,S2-340085476,S1_S2,US,0,none
S1-456765069,S2-588397668,S1_S2,US,0,none
S1-456765069,S3-160006582,S1_S3,US,0,none
S1-456765069,S3-207952757,S1_S3,US,0,none
S1-457051283,S2-727858704,S1_S2,US,0,none
S1-457051283,S3-868319387,S1_S3,US,0,none
S1-457429811,S2-692205338,S1_S2,US,0,none
S1-457429811,S2-830007842,S1_S2,US,0,none
S1-457429811,S3-208207058,S1_S3,US,0,none
S1-457429811,S3-387348663,S1_S3,US,0,none
S1-457475773,S2-229622870,S1_S2,India,0,none
S1-457475773,S2-240459109,S1_S2,India,0,none
S1-457475773,S3-19367364,S1_S3,India,0,none
S1-457475773,S3-67621385,S1_S3,India,0,none
S1-457475773,S3-850320344,S1_S3,India,0,none
S1-457597676,S3-260564133,S1_S3,US,0,none
S1-457597676,S3-847372329,S1_S3,US,0,none
S1-458690705,S3-167972310,S1_S3,India,0,none
S1-458690705,S3-62928942,S1_S3,India,0,none
S1-459873932,S2-187528835,S1_S2,India,0,none
S1-459873932,S3-110931029,S1_S3,India,0,none
S1-459873932,S3-549973441,S1_S3,India,0,none
S1-461685281,S3-325037160,S1_S3,India,0,none
S1-462172325,S2-534318941,S1_S2,US,0,none
S1-462188093,S2-870419152,S1_S2,India,0,none
S1-462978517,S3-390677280,S1_S3,India,0,none
S1-463296325,S2-802745522,S1_S2,US,0,none
S1-463296325,S2-84193930,S1_S2,US,0,none
S1-463296325,S3-441670646,S1_S3,US,0,none
S1-46402798,S2-205437101,S1_S2,India,0,none
S1-46402798,S2-222817927,S1_S2,India,0,none
S1-464155906,S2-110351037,S1_S2,India,0,none
S1-464155906,S2-206865791,S1_S2,India,0,none
S1-464155906,S2-620241989,S1_S2,India,0,none
S1-464689042,S2-735509220,S1_S2,India,0,none
S1-464689042,S3-315464912,S1_S3,India,0,none
S1-464689042,S3-386161473,S1_S3,India,0,none
S1-465318990,S3-243085959,S1_S3,US,0,none
S1-465318990,S3-493965707,S1_S3,US,0,none
S1-465830681,S2-54308979,S1_S2,US,0,none
S1-465830681,S3-170746415,S1_S3,US,0,none
S1-466103096,S2-108558092,S1_S2,US,0,none
S1-466103096,S2-442148987,S1_S2,US,0,none
S1-466103096,S2-550124021,S1_S2,US,0,none
S1-466103096,S3-622524515,S1_S3,US,0,none
S1-466251335,S2-150730110,S1_S2,US,0,none
S1-466251335,S2-548446618,S1_S2,US,0,none
S1-466251335,S3-621278027,S1_S3,US,0,none
S1-466907046,S2-696080068,S1_S2,US,0,none
S1-466907046,S3-506604621,S1_S3,US,0,none
S1-468533733,S2-987380302,S1_S2,India,0,none
S1-469356079,S3-74304034,S1_S3,US,0,none
S1-469526160,S2-547783109,S1_S2,India,0,none
S1-469526160,S2-978280654,S1_S2,India,0,none
S1-469960248,S2-474074664,S1_S2,India,0,none
S1-469960248,S3-761508297,S1_S3,India,0,none
S1-470292550,S3-667485839,S1_S3,US,0,none
S1-471519932,S2-376137589,S1_S2,India,0,none
S1-471519932,S2-84902721,S1_S2,India,0,none
S1-471519932,S3-225527028,S1_S3,India,0,none
S1-471519932,S3-355438798,S1_S3,India,0,none
S1-471766031,S2-522397013,S1_S2,US,0,none
S1-471978855,S2-852179539,S1_S2,US,0,none
S1-472144082,S2-457621616,S1_S2,US,0,none
S1-472144082,S3-193220748,S1_S3,US,0,none
S1-472547548,S2-406852009,S1_S2,US,0,none
S1-472547548,S3-112498195,S1_S3,US,0,none
S1-472547548,S3-372937695,S1_S3,US,0,none
S1-47276072,S3-259520082,S1_S3,US,0,none
S1-47276072,S3-59683391,S1_S3,US,0,none
S1-47330883,S2-587300383,S1_S2,India,0,none
S1-47330883,S2-786861896,S1_S2,India,0,none
S1-47330883,S2-799278649,S1_S2,India,0,none
S1-47330883,S3-365425853,S1_S3,India,0,none
S1-47330883,S3-71720809,S1_S3,India,0,none
S1-473962059,S2-249473913,S1_S2,US,0,none
S1-473962059,S2-892134792,S1_S2,US,0,none
S1-473962059,S3-48868028,S1_S3,US,0,none
S1-474544089,S2-44517926,S1_S2,US,0,none
S1-474544089,S3-55222257,S1_S3,US,0,none
S1-474544089,S3-816353907,S1_S3,US,0,none
S1-475155062,S2-125674886,S1_S2,US,0,none
S1-475155062,S2-505243434,S1_S2,US,0,none
S1-475155062,S3-244589905,S1_S3,US,0,none
S1-475353991,S3-497181576,S1_S3,US,0,none
S1-475353991,S3-991467675,S1_S3,US,0,none
S1-475526601,S2-153426860,S1_S2,US,0,none
S1-475526601,S3-874498343,S1_S3,US,0,none
S1-476863166,S2-284211373,S1_S2,India,0,none
S1-476863166,S3-200807074,S1_S3,India,0,none
S1-476863166,S3-567877038,S1_S3,India,0,none
S1-476863166,S3-575835020,S1_S3,India,0,none
S1-476863166,S3-702225577,S1_S3,India,0,none
S1-477333267,S2-167113672,S1_S2,India,0,none
S1-477333267,S2-20378189,S1_S2,India,0,none
S1-477333267,S2-328355174,S1_S2,India,0,none
S1-477333267,S2-79623775,S1_S2,India,0,none
S1-477333267,S3-334736543,S1_S3,India,0,none
S1-47782010,S2-137895583,S1_S2,US,0,none
S1-47782010,S2-41398326,S1_S2,US,0,none
S1-47782010,S3-400175107,S1_S3,US,0,none
S1-478501961,S3-242042503,S1_S3,US,0,none
S1-478618941,S3-134274093,S1_S3,US,0,none
S1-478618941,S3-398006608,S1_S3,US,0,none
S1-478622752,S2-117481780,S1_S2,India,0,none
S1-478622752,S2-635132630,S1_S2,India,0,none
S1-478622752,S3-251288474,S1_S3,India,0,none
S1-478622752,S3-367814956,S1_S3,India,0,none
S1-478834658,S2-159537591,S1_S2,US,0,none
S1-478834658,S2-962674839,S1_S2,US,0,none
S1-478834658,S3-133017527,S1_S3,US,0,none
S1-478834658,S3-954341677,S1_S3,US,0,none
S1-479555605,S3-63628795,S1_S3,India,0,none
S1-479831259,S2-169786779,S1_S2,US,0,none
S1-479831259,S2-326487936,S1_S2,US,0,none
S1-479831259,S2-451467200,S1_S2,US,0,none
S1-479831259,S3-998884311,S1_S3,US,0,none
S1-48050867,S2-648680892,S1_S2,US,0,none
S1-48050867,S2-810706140,S1_S2,US,0,none
S1-48050867,S3-817501646,S1_S3,US,0,none
S1-480557484,S2-35141972,S1_S2,India,0,none
S1-480557484,S2-702517291,S1_S2,India,0,none
S1-480557484,S3-874764492,S1_S3,India,0,none
S1-4823936,S2-386715589,S1_S2,India,0,none
S1-4823936,S3-175594571,S1_S3,India,0,none
S1-4823936,S3-580251333,S1_S3,India,0,none
S1-482776406,S2-639751561,S1_S2,US,0,none
S1-482776406,S3-156248613,S1_S3,US,0,none
S1-485806211,S3-62492328,S1_S3,US,0,none
S1-486768303,S2-692350047,S1_S2,India,0,none
S1-486768303,S3-923302151,S1_S3,India,0,none
S1-488434111,S3-4776093,S1_S3,US,0,none
S1-488434111,S3-689076996,S1_S3,US,0,none
S1-488486736,S2-139793400,S1_S2,US,0,none
S1-488486736,S3-23725081,S1_S3,US,0,none
S1-48907375,S2-908221871,S1_S2,US,0,none
S1-489347259,S2-462119576,S1_S2,India,0,none
S1-489347259,S2-494092850,S1_S2,India,0,none
S1-489347259,S2-718537306,S1_S2,India,0,none
S1-489621725,S2-728603497,S1_S2,India,0,none
S1-489621725,S3-332296141,S1_S3,India,0,none
S1-489621725,S3-368278098,S1_S3,India,0,none
S1-489621725,S3-974902546,S1_S3,India,0,none
S1-489669299,S2-161121312,S1_S2,India,0,none
S1-489669299,S3-657907076,S1_S3,India,0,none
S1-489669299,S3-764657771,S1_S3,India,0,none
S1-490950526,S2-556962572,S1_S2,US,0,none
S1-490950526,S3-127979847,S1_S3,US,0,none
S1-491290733,S2-649451916,S1_S2,US,0,none
S1-491290733,S3-733300791,S1_S3,US,0,none
S1-49179909,S2-836521828,S1_S2,US,0,none
S1-49179909,S3-940569102,S1_S3,US,0,none
S1-493349965,S2-230251956,S1_S2,US,0,none
S1-494495874,S2-649026300,S1_S2,India,0,none
S1-494495874,S3-815668539,S1_S3,India,0,none
S1-494880300,S3-427449652,S1_S3,US,0,none
S1-494880300,S3-640657369,S1_S3,US,0,none
S1-495122381,S2-14937665,S1_S2,India,0,none
S1-495122381,S2-558481022,S1_S2,India,0,none
S1-495122381,S2-636161119,S1_S2,India,0,none
S1-495473850,S2-612745806,S1_S2,US,0,none
S1-496248631,S2-789992740,S1_S2,India,0,none
S1-496248631,S3-743259853,S1_S3,India,0,none
S1-496248631,S3-994405263,S1_S3,India,0,none
S1-496484109,S3-646997969,S1_S3,US,0,none
S1-496640991,S2-306618221,S1_S2,US,0,none
S1-497950600,S2-230978217,S1_S2,US,0,none
S1-497950600,S3-593968660,S1_S3,US,0,none
S1-497950600,S3-623143760,S1_S3,US,0,none
S1-498305162,S2-256763875,S1_S2,India,0,none
S1-498305162,S3-945430671,S1_S3,India,0,none
S1-498725431,S2-707624274,S1_S2,India,0,none
S1-498725431,S3-850469097,S1_S3,India,0,none
S1-499262277,S2-48711727,S1_S2,US,0,none
S1-499262277,S3-345494598,S1_S3,US,0,none
S1-499300291,S2-470333394,S1_S2,US,0,none
S1-499325033,S3-186338783,S1_S3,US,0,none
S1-500312801,S2-685148542,S1_S2,India,0,none
S1-500312801,S3-672027939,S1_S3,India,0,none
S1-500312801,S3-941267322,S1_S3,India,0,none
S1-500653850,S2-43248352,S1_S2,US,0,none
S1-500653850,S2-682567131,S1_S2,US,0,none
S1-501047338,S2-463971419,S1_S2,India,0,none
S1-501047338,S2-675181410,S1_S2,India,0,none
S1-501047338,S2-842373669,S1_S2,India,0,none
S1-501047338,S3-378630681,S1_S3,India,0,none
S1-501047338,S3-839309520,S1_S3,India,0,none
S1-501551224,S2-444859943,S1_S2,India,0,none
S1-501551224,S2-53848906,S1_S2,India,0,none
S1-501551224,S3-365179118,S1_S3,India,0,none
S1-501551224,S3-482783474,S1_S3,India,0,none
S1-502326827,S3-914789632,S1_S3,India,0,none
S1-502421824,S2-940207816,S1_S2,US,0,none
S1-502421824,S3-351183919,S1_S3,US,0,none
S1-502421824,S3-778964439,S1_S3,US,0,none
S1-502572940,S2-152083458,S1_S2,India,0,none
S1-502572940,S3-766067361,S1_S3,India,0,none
S1-502675077,S2-174678606,S1_S2,US,0,none
S1-502675077,S2-495963417,S1_S2,US,0,none
S1-502757185,S2-718123169,S1_S2,India,0,none
S1-503088940,S2-9782403,S1_S2,India,0,none
S1-503088940,S3-127514060,S1_S3,India,0,none
S1-503088940,S3-437060575,S1_S3,India,0,none
S1-503088940,S3-515673975,S1_S3,India,0,none
S1-503088940,S3-826104731,S1_S3,India,0,none
S1-505937318,S3-855127079,S1_S3,US,0,none
S1-506045425,S2-687665976,S1_S2,India,0,none
S1-506045425,S2-917817822,S1_S2,India,0,none
S1-506045425,S3-324345241,S1_S3,India,0,none
S1-506045425,S3-475161188,S1_S3,India,0,none
S1-506045425,S3-581023077,S1_S3,India,0,none
S1-507863922,S2-848591123,S1_S2,US,0,none
S1-508209699,S2-989259301,S1_S2,US,0,none
S1-508209699,S3-417681242,S1_S3,US,0,none
S1-508560978,S3-360946242,S1_S3,US,0,none
S1-508793406,S3-524064058,S1_S3,US,0,none
S1-50926137,S2-947895628,S1_S2,India,0,none
S1-50926137,S3-514758327,S1_S3,India,0,none
S1-50926137,S3-798167703,S1_S3,India,0,none
S1-509367448,S2-490137823,S1_S2,US,0,none
S1-509367448,S3-136461036,S1_S3,US,0,none
S1-509621605,S3-343200426,S1_S3,US,0,none
S1-51119647,S3-31056139,S1_S3,India,0,none
S1-511672256,S2-494944382,S1_S2,US,0,none
S1-511672256,S2-926087746,S1_S2,US,0,none
S1-51289619,S2-416568327,S1_S2,India,0,none
S1-51289619,S3-917469669,S1_S3,India,0,none
S1-513063658,S3-254951220,S1_S3,US,0,none
S1-513749040,S2-65946249,S1_S2,US,0,none
S1-513823742,S2-927489074,S1_S2,India,0,none
S1-513823742,S3-348697775,S1_S3,India,0,none
S1-513937109,S2-300712980,S1_S2,US,0,none
S1-513937109,S3-255121057,S1_S3,US,0,none
S1-515494859,S2-337112257,S1_S2,US,0,none
S1-515494859,S2-749407691,S1_S2,US,0,none
S1-515857609,S2-608374008,S1_S2,India,0,none
S1-516309642,S3-765234108,S1_S3,US,0,none
S1-516335412,S2-712068413,S1_S2,US,0,none
S1-516420940,S2-393111367,S1_S2,India,0,none
S1-517203052,S2-444405254,S1_S2,US,0,none
S1-517203052,S3-149844805,S1_S3,US,0,none
S1-517203052,S3-326457347,S1_S3,US,0,none
S1-51803904,S2-65424414,S1_S2,US,0,none
S1-51803904,S3-836259540,S1_S3,US,0,none
S1-518741531,S2-589580048,S1_S2,India,0,none
S1-518741531,S3-165092327,S1_S3,India,0,none
S1-518741531,S3-681003435,S1_S3,India,0,none
S1-519208076,S2-547827746,S1_S2,US,0,none
S1-519208076,S2-631067979,S1_S2,US,0,none
S1-5194820,S2-501019229,S1_S2,US,0,none
S1-520114606,S2-672739392,S1_S2,US,0,none
S1-520114606,S3-795710198,S1_S3,US,0,none
S1-52030416,S2-115472940,S1_S2,India,0,none
S1-52030416,S2-474767921,S1_S2,India,0,none
S1-52030416,S2-533709311,S1_S2,India,0,none
S1-52030416,S3-938916291,S1_S3,India,0,none
S1-520699863,S2-226435254,S1_S2,India,0,none
S1-520699863,S2-473643631,S1_S2,India,0,none
S1-520699863,S3-383926327,S1_S3,India,0,none
S1-520699863,S3-481784045,S1_S3,India,0,none
S1-520976150,S2-142560138,S1_S2,US,0,none
S1-521883268,S2-301840573,S1_S2,India,0,none
S1-521883268,S2-409677853,S1_S2,India,0,none
S1-521883268,S2-507375070,S1_S2,India,0,none
S1-521916484,S2-125402741,S1_S2,US,0,none
S1-521916484,S2-70832037,S1_S2,US,0,none
S1-521916484,S2-778843610,S1_S2,US,0,none
S1-521916484,S3-845462921,S1_S3,US,0,none
S1-52241299,S3-225405701,S1_S3,US,0,none
S1-52241299,S3-695841015,S1_S3,US,0,none
S1-523267931,S2-136789966,S1_S2,India,0,none
S1-523267931,S2-485639887,S1_S2,India,0,none
S1-523267931,S2-509667934,S1_S2,India,0,none
S1-523267931,S3-307306509,S1_S3,India,0,none
S1-523267931,S3-736149147,S1_S3,India,0,none
S1-523858565,S2-723408202,S1_S2,India,0,none
S1-523858565,S3-830930983,S1_S3,India,0,none
S1-523858565,S3-979868249,S1_S3,India,0,none
S1-524247478,S2-51836867,S1_S2,US,0,none
S1-525175683,S3-439898103,S1_S3,US,0,none
S1-525175683,S3-492788618,S1_S3,US,0,none
S1-526302086,S3-75503916,S1_S3,US,0,none
S1-526302086,S3-814230447,S1_S3,US,0,none
S1-526606089,S2-484797525,S1_S2,US,0,none
S1-526879474,S2-569313145,S1_S2,India,0,none
S1-526879474,S3-658864239,S1_S3,India,0,none
S1-526879474,S3-680944219,S1_S3,India,0,none
S1-526879474,S3-893053538,S1_S3,India,0,none
S1-528020035,S2-49726701,S1_S2,India,0,none
S1-528020035,S3-217709975,S1_S3,India,0,none
S1-528020035,S3-264784785,S1_S3,India,0,none
S1-52827937,S3-679159923,S1_S3,India,0,none
S1-52827937,S3-90516769,S1_S3,India,0,none
S1-529264263,S3-172983650,S1_S3,India,0,none
S1-529264263,S3-407125543,S1_S3,India,0,none
S1-529313443,S2-457718946,S1_S2,India,0,none
S1-529313443,S2-578900721,S1_S2,India,0,none
S1-529313443,S3-147136444,S1_S3,India,0,none
S1-529313443,S3-48651740,S1_S3,India,0,none
S1-530654378,S2-194251084,S1_S2,India,0,none
S1-530654378,S2-221364862,S1_S2,India,0,none
S1-530654378,S3-708600167,S1_S3,India,0,none
S1-531464995,S2-663540278,S1_S2,India,0,none
S1-531464995,S3-859540183,S1_S3,India,0,none
S1-531472437,S2-229961494,S1_S2,India,0,none
S1-531472437,S2-452232425,S1_S2,India,0,none
S1-531472437,S3-240398024,S1_S3,India,0,none
S1-53200964,S2-652874829,S1_S2,India,0,none
S1-533013540,S2-52322501,S1_S2,India,0,none
S1-533013540,S2-896909800,S1_S2,India,0,none
S1-533013540,S3-183516931,S1_S3,India,0,none
S1-533340985,S2-116231909,S1_S2,India,0,none
S1-533340985,S3-601667178,S1_S3,India,0,none
S1-53347747,S2-973143954,S1_S2,India,0,none
S1-53347747,S3-49983267,S1_S3,India,0,none
S1-53347747,S3-70312031,S1_S3,India,0,none
S1-533578269,S3-423929732,S1_S3,US,0,none
S1-533578269,S3-457647274,S1_S3,US,0,none
S1-533578269,S3-663597176,S1_S3,US,0,none
S1-533578269,S3-867080760,S1_S3,US,0,none
S1-534253446,S2-137367006,S1_S2,India,0,none
S1-534253446,S2-37714086,S1_S2,India,0,none
S1-534253446,S3-151271915,S1_S3,India,0,none
S1-534253446,S3-790980921,S1_S3,India,0,none
S1-534914622,S2-117258612,S1_S2,US,0,none
S1-534914622,S2-914637643,S1_S2,US,0,none
S1-534914622,S3-523031339,S1_S3,US,0,none
S1-535224642,S2-195737155,S1_S2,US,0,none
S1-535224642,S2-990104877,S1_S2,US,0,none
S1-535513013,S2-483711237,S1_S2,India,0,none
S1-535513013,S3-577893292,S1_S3,India,0,none
S1-535713505,S2-596706902,S1_S2,India,0,none
S1-535713505,S3-169151818,S1_S3,India,0,none
S1-535713505,S3-692149780,S1_S3,India,0,none
S1-536355093,S3-339256940,S1_S3,US,0,none
S1-536355093,S3-600343935,S1_S3,US,0,none
S1-537104073,S3-82718399,S1_S3,US,0,none
S1-537386245,S2-656493739,S1_S2,India,0,none
S1-537386245,S2-862959986,S1_S2,India,0,none
S1-537386245,S3-210424980,S1_S3,India,0,none
S1-537548209,S2-414582998,S1_S2,US,0,none
S1-537548209,S2-490240923,S1_S2,US,0,none
S1-537548209,S3-668782125,S1_S3,US,0,none
S1-538330238,S2-675171148,S1_S2,US,0,none
S1-538330238,S3-223466726,S1_S3,US,0,none
S1-538330238,S3-422542259,S1_S3,US,0,none
S1-538330238,S3-727032227,S1_S3,US,0,none
S1-539623454,S3-180581220,S1_S3,US,0,none
S1-54006202,S2-133086895,S1_S2,India,0,none
S1-54006202,S3-342806970,S1_S3,India,0,none
S1-54008305,S2-682141271,S1_S2,US,0,none
S1-54008305,S3-445624993,S1_S3,US,0,none
S1-540777775,S2-252453523,S1_S2,India,0,none
S1-540777775,S2-344252042,S1_S2,India,0,none
S1-54174841,S3-238799099,S1_S3,India,0,none
S1-542150862,S2-278246343,S1_S2,India,0,none
S1-542150862,S3-534491383,S1_S3,India,0,none
S1-542967736,S2-144989396,S1_S2,US,0,none
S1-542967736,S2-189132270,S1_S2,US,0,none
S1-543135783,S2-728380191,S1_S2,India,0,none
S1-543135783,S3-332286362,S1_S3,India,0,none
S1-543135783,S3-573402118,S1_S3,India,0,none
S1-543317407,S2-296687542,S1_S2,US,0,none
S1-543662552,S2-562678518,S1_S2,US,0,none
S1-543662552,S3-188037609,S1_S3,US,0,none
S1-54385868,S2-207075328,S1_S2,India,0,none
S1-54385868,S3-218414812,S1_S3,India,0,none
S1-54385868,S3-285520515,S1_S3,India,0,none
S1-54385868,S3-313611382,S1_S3,India,0,none
S1-54385868,S3-832083269,S1_S3,India,0,none
S1-543976067,S3-715372236,S1_S3,US,0,none
S1-544391094,S2-505697934,S1_S2,India,0,none
S1-544720385,S2-365831709,S1_S2,US,0,none
S1-544720385,S2-729069249,S1_S2,US,0,none
S1-544720385,S3-394055797,S1_S3,US,0,none
S1-545445382,S2-975013080,S1_S2,India,0,none
S1-545710037,S2-322456102,S1_S2,US,0,none
S1-545710037,S3-513674006,S1_S3,US,0,none
S1-546524367,S2-278207027,S1_S2,US,0,none
S1-546524367,S2-924243669,S1_S2,US,0,none
S1-546524367,S3-105095245,S1_S3,US,0,none
S1-546618669,S2-709637193,S1_S2,US,0,none
S1-546618669,S2-977747016,S1_S2,US,0,none
S1-546618669,S3-395963374,S1_S3,US,0,none
S1-546618669,S3-515976203,S1_S3,US,0,none
S1-546695683,S2-422998358,S1_S2,US,0,none
S1-546695683,S3-30112173,S1_S3,US,0,none
S1-546695683,S3-521125312,S1_S3,US,0,none
S1-546695683,S3-80334894,S1_S3,US,0,none
S1-546951523,S2-222659046,S1_S2,US,0,none
S1-546951523,S2-477539737,S1_S2,US,0,none
S1-546951523,S3-94822509,S1_S3,US,0,none
S1-546968848,S3-257862637,S1_S3,US,0,none
S1-547930095,S2-978993042,S1_S2,US,0,none
S1-547930095,S3-517337170,S1_S3,US,0,none
S1-549710352,S3-56258438,S1_S3,US,0,none
S1-549710352,S3-694959821,S1_S3,US,0,none
S1-549939094,S3-523389644,S1_S3,US,0,none
S1-550173083,S2-714888985,S1_S2,US,0,none
S1-550173083,S2-983794206,S1_S2,US,0,none
S1-550173083,S3-610457343,S1_S3,US,0,none
S1-550173083,S3-662995429,S1_S3,US,0,none
S1-550353213,S3-357039808,S1_S3,India,0,none
S1-550353213,S3-595933624,S1_S3,India,0,none
S1-550353213,S3-640720934,S1_S3,India,0,none
S1-550584198,S3-301865168,S1_S3,India,0,none
S1-550771700,S3-175942725,S1_S3,India,0,none
S1-550771700,S3-929210271,S1_S3,India,0,none
S1-55120497,S2-614170802,S1_S2,US,0,none
S1-552783285,S3-296397608,S1_S3,US,0,none
S1-553165312,S2-657915739,S1_S2,US,0,none
S1-5536321,S2-349177146,S1_S2,India,0,none
S1-5536321,S3-9500480,S1_S3,India,0,none
S1-55432891,S2-259427228,S1_S2,India,0,none
S1-554355420,S3-802109168,S1_S3,India,0,none
S1-554700452,S3-911550496,S1_S3,US,0,none
S1-554861276,S3-355132577,S1_S3,US,0,none
S1-555558615,S2-164867009,S1_S2,US,0,none
S1-555558615,S3-143319249,S1_S3,US,0,none
S1-555558615,S3-167211778,S1_S3,US,0,none
S1-555558615,S3-449551341,S1_S3,US,0,none
S1-555558615,S3-779355316,S1_S3,US,0,none
S1-557165049,S2-62405015,S1_S2,India,0,none
S1-557633552,S2-35223527,S1_S2,US,0,none
S1-557633552,S3-732658683,S1_S3,US,0,none
S1-558676825,S2-504757566,S1_S2,India,0,none
S1-558676825,S3-436665844,S1_S3,India,0,none
S1-558676825,S3-83244799,S1_S3,India,0,none
S1-55988490,S2-372935618,S1_S2,India,0,none
S1-55988490,S3-274623039,S1_S3,India,0,none
S1-560896666,S2-213495013,S1_S2,India,0,none
S1-56160758,S2-25505996,S1_S2,US,0,none
S1-56160758,S2-501314009,S1_S2,US,0,none
S1-56160758,S3-273469153,S1_S3,US,0,none
S1-56160758,S3-389867757,S1_S3,US,0,none
S1-56160758,S3-873018159,S1_S3,US,0,none
S1-561636938,S2-732863599,S1_S2,US,0,none
S1-561839905,S2-179341815,S1_S2,US,0,none
S1-562170073,S2-466201914,S1_S2,India,0,none
S1-562170073,S3-216679114,S1_S3,India,0,none
S1-562293996,S2-386376854,S1_S2,US,0,none
S1-562791894,S2-48399217,S1_S2,US,0,none
S1-562919412,S2-746723203,S1_S2,India,0,none
S1-563052229,S3-268500867,S1_S3,US,0,none
S1-563052229,S3-415127837,S1_S3,US,0,none
S1-563845136,S2-51306124,S1_S2,US,0,none
S1-563845136,S3-328451952,S1_S3,US,0,none
S1-564287138,S2-145799624,S1_S2,India,0,none
S1-564287138,S2-654560517,S1_S2,India,0,none
S1-564287138,S3-957276256,S1_S3,India,0,none
S1-564365098,S2-414700573,S1_S2,US,0,none
S1-564365098,S2-495543172,S1_S2,US,0,none
S1-564365098,S2-696033658,S1_S2,US,0,none
S1-565086889,S2-315574689,S1_S2,India,0,none
S1-565086889,S3-64046147,S1_S3,India,0,none
S1-565086889,S3-859546002,S1_S3,India,0,none
S1-565086889,S3-910179547,S1_S3,India,0,none
S1-565086889,S3-996807814,S1_S3,India,0,none
S1-565910690,S3-205287420,S1_S3,US,0,none
S1-565910690,S3-403661798,S1_S3,US,0,none
S1-566714009,S2-989275392,S1_S2,US,0,none
S1-566714009,S3-931885762,S1_S3,US,0,none
S1-56704051,S2-888446786,S1_S2,India,0,none
S1-568147782,S3-399738346,S1_S3,India,0,none
S1-568259426,S2-110494852,S1_S2,India,0,none
S1-568259426,S2-417590528,S1_S2,India,0,none
S1-568259426,S2-578915844,S1_S2,India,0,none
S1-568259426,S3-796630768,S1_S3,India,0,none
S1-570181251,S2-169009903,S1_S2,India,0,none
S1-570181251,S3-607168251,S1_S3,India,0,none
S1-570181251,S3-83227301,S1_S3,India,0,none
S1-570758197,S2-983171543,S1_S2,India,0,none
S1-570758197,S3-382775664,S1_S3,India,0,none
S1-570758197,S3-575477304,S1_S3,India,0,none
S1-570758197,S3-929513088,S1_S3,India,0,none
S1-571108423,S2-470201196,S1_S2,India,0,none
S1-571108423,S3-244207817,S1_S3,India,0,none
S1-571108423,S3-394380469,S1_S3,India,0,none
S1-571599575,S2-517440153,S1_S2,India,0,none
S1-571599575,S3-308159575,S1_S3,India,0,none
S1-572851301,S2-526712379,S1_S2,India,0,none
S1-572851301,S2-862852274,S1_S2,India,0,none
S1-572866700,S2-660421963,S1_S2,US,0,none
S1-572866700,S3-316376744,S1_S3,US,0,none
S1-572866700,S3-336461001,S1_S3,US,0,none
S1-572866700,S3-767277209,S1_S3,US,0,none
S1-573069384,S2-422331744,S1_S2,US,0,none
S1-573069384,S3-129637794,S1_S3,US,0,none
S1-573069384,S3-856632142,S1_S3,US,0,none
S1-574234408,S2-598816512,S1_S2,India,0,none
S1-574234408,S3-89926395,S1_S3,India,0,none
S1-57453019,S2-896362341,S1_S2,India,0,none
S1-57453019,S3-707189681,S1_S3,India,0,none
S1-575248397,S2-907745169,S1_S2,US,0,none
S1-575248397,S3-341380070,S1_S3,US,0,none
S1-575248397,S3-543891281,S1_S3,US,0,none
S1-575974789,S2-164685872,S1_S2,US,0,none
S1-576095475,S2-773533569,S1_S2,US,0,none
S1-576095475,S3-209889245,S1_S3,US,0,none
S1-576514161,S2-129471664,S1_S2,India,0,none
S1-576514161,S2-350975245,S1_S2,India,0,none
S1-576514161,S3-485111793,S1_S3,India,0,none
S1-577701665,S2-310171285,S1_S2,US,0,none
S1-577812021,S2-461681567,S1_S2,US,0,none
S1-577812021,S3-715271205,S1_S3,US,0,none
S1-578133294,S2-184040644,S1_S2,India,0,none
S1-578133294,S2-502193482,S1_S2,India,0,none
S1-578133294,S3-234862081,S1_S3,India,0,none
S1-579336137,S2-646859722,S1_S2,India,0,none
S1-579336137,S3-744347108,S1_S3,India,0,none
S1-579623161,S2-74646358,S1_S2,US,0,none
S1-579623161,S3-153648186,S1_S3,US,0,none
S1-579913087,S2-484320055,S1_S2,US,0,none
S1-579940894,S2-690468029,S1_S2,India,0,none
S1-57995583,S2-384266079,S1_S2,US,0,none
S1-57995583,S2-512704755,S1_S2,US,0,none
S1-57995583,S3-303959199,S1_S3,US,0,none
S1-580894229,S2-209727287,S1_S2,India,0,none
S1-580894229,S3-463672170,S1_S3,India,0,none
S1-582305683,S2-531913370,S1_S2,US,0,none
S1-582318646,S2-494514443,S1_S2,India,0,none
S1-582318646,S3-37563809,S1_S3,India,0,none
S1-582318646,S3-467795727,S1_S3,India,0,none
S1-582318646,S3-629366932,S1_S3,India,0,none
S1-582334587,S3-523545116,S1_S3,US,0,none
S1-582816687,S2-706114644,S1_S2,India,0,none
S1-583860678,S2-585855812,S1_S2,India,0,none
S1-583860678,S3-19466328,S1_S3,India,0,none
S1-583860678,S3-861223209,S1_S3,India,0,none
S1-583995434,S2-881091111,S1_S2,India,0,none
S1-583995434,S3-306349516,S1_S3,India,0,none
S1-583995434,S3-438107705,S1_S3,India,0,none
S1-583995434,S3-865497813,S1_S3,India,0,none
S1-584448459,S3-225755647,S1_S3,US,0,none
S1-584448459,S3-830753005,S1_S3,US,0,none
S1-584663288,S2-145822568,S1_S2,India,0,none
S1-584663288,S2-817462756,S1_S2,India,0,none
S1-584663288,S2-895085365,S1_S2,India,0,none
S1-585590855,S2-160797755,S1_S2,US,0,none
S1-585590855,S2-240525380,S1_S2,US,0,none
S1-585590855,S3-123479993,S1_S3,US,0,none
S1-585590855,S3-59695290,S1_S3,US,0,none
S1-585590855,S3-666464878,S1_S3,US,0,none
S1-586350432,S2-627526089,S1_S2,India,0,none
S1-587442098,S3-833301585,S1_S3,US,0,none
S1-587446317,S2-912416872,S1_S2,US,0,none
S1-587446317,S3-268321084,S1_S3,US,0,none
S1-587675218,S2-79226830,S1_S2,India,0,none
S1-588004192,S2-229193853,S1_S2,US,0,none
S1-588233179,S2-773176311,S1_S2,India,0,none
S1-588233179,S3-627362745,S1_S3,India,0,none
S1-589235795,S2-907093803,S1_S2,US,0,none
S1-589235795,S3-797453188,S1_S3,US,0,none
S1-589374647,S3-291796381,S1_S3,US,0,none
S1-589376191,S2-226996584,S1_S2,India,0,none
S1-589376191,S2-330645626,S1_S2,India,0,none
S1-589376191,S3-63894656,S1_S3,India,0,none
S1-589414390,S3-453408346,S1_S3,US,0,none
S1-589607704,S2-826970471,S1_S2,India,0,none
S1-590028309,S2-470348472,S1_S2,India,0,none
S1-590028309,S2-602995399,S1_S2,India,0,none
S1-590460410,S2-700647426,S1_S2,US,0,none
S1-590460410,S2-88040423,S1_S2,US,0,none
S1-590460410,S2-949313711,S1_S2,US,0,none
S1-590460410,S3-593147640,S1_S3,US,0,none
S1-590460410,S3-786017121,S1_S3,US,0,none
S1-590674627,S3-188801650,S1_S3,India,0,none
S1-590740720,S2-642254669,S1_S2,India,0,none
S1-590740720,S2-950232533,S1_S2,India,0,none
S1-590740720,S3-512123018,S1_S3,India,0,none
S1-590740720,S3-795631912,S1_S3,India,0,none
S1-591697663,S2-323967503,S1_S2,US,0,none
S1-591697663,S2-734701655,S1_S2,US,0,none
S1-591697663,S3-421864212,S1_S3,US,0,none
S1-591697663,S3-506131827,S1_S3,US,0,none
S1-592773328,S3-64567567,S1_S3,US,0,none
S1-592773328,S3-902223931,S1_S3,US,0,none
S1-592773328,S3-934297683,S1_S3,US,0,none
S1-592930727,S2-357799269,S1_S2,US,0,none
S1-593280464,S2-675359656,S1_S2,India,0,none
S1-593280464,S2-839540836,S1_S2,India,0,none
S1-593470817,S2-647027252,S1_S2,India,0,none
S1-593470817,S2-825762062,S1_S2,India,0,none
S1-593470817,S3-327795024,S1_S3,India,0,none
S1-593876607,S2-461688537,S1_S2,India,0,none
S1-593876607,S2-695591050,S1_S2,India,0,none
S1-593876607,S3-765825623,S1_S3,India,0,none
S1-594016150,S2-5333904,S1_S2,India,0,none
S1-594016150,S3-735241718,S1_S3,India,0,none
S1-594016150,S3-975079909,S1_S3,India,0,none
S1-595184637,S2-158808151,S1_S2,US,0,none
S1-595184637,S2-261351281,S1_S2,US,0,none
S1-595184637,S3-325095843,S1_S3,US,0,none
S1-595184637,S3-696047635,S1_S3,US,0,none
S1-595184637,S3-777611843,S1_S3,US,0,none
S1-595188640,S2-409127990,S1_S2,US,0,none
S1-595188640,S3-113794960,S1_S3,US,0,none
S1-595188640,S3-200424384,S1_S3,US,0,none
S1-595572869,S2-126262186,S1_S2,US,0,none
S1-596057679,S3-170819745,S1_S3,US,0,none
S1-596655881,S2-510404776,S1_S2,US,0,none
S1-596655881,S3-436716136,S1_S3,US,0,none
S1-597419897,S2-53918410,S1_S2,India,0,none
S1-597419897,S3-101680458,S1_S3,India,0,none
S1-598243773,S2-893686922,S1_S2,US,0,none
S1-598561368,S2-63886283,S1_S2,India,0,none
S1-598561368,S2-744128326,S1_S2,India,0,none
S1-598561368,S2-746822038,S1_S2,India,0,none
S1-598561368,S3-455068583,S1_S3,India,0,none
S1-598695384,S2-235740225,S1_S2,US,0,none
S1-598695384,S3-389577469,S1_S3,US,0,none
S1-599637705,S3-278088747,S1_S3,US,0,none
S1-601118247,S3-794955441,S1_S3,US,0,none
S1-602165256,S3-28331745,S1_S3,US,0,none
S1-60261224,S2-765945439,S1_S2,US,0,none
S1-60261224,S3-299547547,S1_S3,US,0,none
S1-60261224,S3-821076656,S1_S3,US,0,none
S1-602851847,S3-523672031,S1_S3,US,0,none
S1-604287298,S3-233843728,S1_S3,India,0,none
S1-604401418,S2-27746473,S1_S2,US,0,none
S1-604401418,S3-44865091,S1_S3,US,0,none
S1-604401418,S3-792682020,S1_S3,US,0,none
S1-605281653,S2-343235373,S1_S2,India,0,none
S1-605281653,S3-422226836,S1_S3,India,0,none
S1-607427609,S3-565533006,S1_S3,US,0,none
S1-608436185,S3-274545335,S1_S3,US,0,none
S1-608436185,S3-432383309,S1_S3,US,0,none
S1-608963841,S3-898980219,S1_S3,US,0,none
S1-609834184,S3-199318812,S1_S3,US,0,none
S1-610591899,S2-66003816,S1_S2,India,0,none
S1-610591899,S3-327835744,S1_S3,India,0,none
S1-610784176,S2-127453298,S1_S2,US,0,none
S1-612069145,S2-337684067,S1_S2,US,0,none
S1-612069145,S2-799491225,S1_S2,US,0,none
S1-612113055,S2-582233888,S1_S2,India,0,none
S1-612490615,S3-796780195,S1_S3,India,0,none
S1-612655995,S2-122348929,S1_S2,India,0,none
S1-612655995,S2-670256119,S1_S2,India,0,none
S1-612655995,S3-4401743,S1_S3,India,0,none
S1-613322262,S2-241973149,S1_S2,India,0,none
S1-613322262,S2-508059251,S1_S2,India,0,none
S1-613322262,S3-42256249,S1_S3,India,0,none
S1-61341725,S2-147299771,S1_S2,India,0,none
S1-61341725,S3-278429733,S1_S3,India,0,none
S1-613660827,S2-60617997,S1_S2,US,0,none
S1-613660827,S3-381219253,S1_S3,US,0,none
S1-613660827,S3-6640357,S1_S3,US,0,none
S1-616924638,S2-38328378,S1_S2,India,0,none
S1-616924638,S2-397476600,S1_S2,India,0,none
S1-616924638,S2-580177841,S1_S2,India,0,none
S1-616924638,S2-690587101,S1_S2,India,0,none
S1-616924638,S3-196656924,S1_S3,India,0,none
S1-616924638,S3-702177049,S1_S3,India,0,none
S1-616924638,S3-846226586,S1_S3,India,0,none
S1-616924638,S3-949033433,S1_S3,India,0,none
S1-617758235,S2-243129057,S1_S2,US,0,none
S1-617758235,S2-546570858,S1_S2,US,0,none
S1-617758235,S3-160250104,S1_S3,US,0,none
S1-617758235,S3-951672988,S1_S3,US,0,none
S1-618228703,S3-81660006,S1_S3,US,0,none
S1-618762856,S3-370157082,S1_S3,US,0,none
S1-618981184,S2-128105889,S1_S2,India,0,none
S1-618981184,S2-382400774,S1_S2,India,0,none
S1-619132297,S2-866970310,S1_S2,US,0,none
S1-619132297,S2-930912563,S1_S2,US,0,none
S1-619410267,S2-294589133,S1_S2,India,0,none
S1-619410267,S2-358201197,S1_S2,India,0,none
S1-619837062,S2-554371991,S1_S2,US,0,none
S1-619837062,S3-970196544,S1_S3,US,0,none
S1-620218496,S2-532055827,S1_S2,US,0,none
S1-620218496,S3-874204742,S1_S3,US,0,none
S1-620887894,S2-299195764,S1_S2,India,0,none
S1-620887894,S3-121172773,S1_S3,India,0,none
S1-621061624,S3-365101414,S1_S3,US,0,none
S1-621735415,S2-232338539,S1_S2,US,0,none
S1-621735415,S3-254314200,S1_S3,US,0,none
S1-621878898,S2-489716105,S1_S2,US,0,none
S1-621878898,S3-546757481,S1_S3,US,0,none
S1-622187347,S3-40509656,S1_S3,US,0,none
S1-622187347,S3-728076810,S1_S3,US,0,none
S1-624210212,S2-790457964,S1_S2,India,0,none
S1-624210212,S2-879163320,S1_S2,India,0,none
S1-624210212,S3-495959367,S1_S3,India,0,none
S1-624485655,S2-835013240,S1_S2,US,0,none
S1-624485655,S3-766047386,S1_S3,US,0,none
S1-624709931,S2-635037384,S1_S2,India,0,none
S1-624709931,S2-76916406,S1_S2,India,0,none
S1-624709931,S3-202552299,S1_S3,India,0,none
S1-624709931,S3-239576733,S1_S3,India,0,none
S1-624709931,S3-652452302,S1_S3,India,0,none
S1-626110544,S2-236040552,S1_S2,US,0,none
S1-626110544,S2-599256753,S1_S2,US,0,none
S1-626110544,S2-599446206,S1_S2,US,0,none
S1-626110544,S2-835374401,S1_S2,US,0,none
S1-626110544,S3-530479433,S1_S3,US,0,none
S1-626110544,S3-627576550,S1_S3,US,0,none
S1-626110544,S3-786441000,S1_S3,US,0,none
S1-626110544,S3-965161921,S1_S3,US,0,none
S1-626191277,S2-837555467,S1_S2,US,0,none
S1-626522002,S2-81466533,S1_S2,US,0,none
S1-626522002,S3-937673274,S1_S3,US,0,none
S1-627345275,S2-362424953,S1_S2,US,0,none
S1-627345275,S2-85063869,S1_S2,US,0,none
S1-627345275,S3-922654156,S1_S3,US,0,none
S1-62744944,S3-358119191,S1_S3,India,0,none
S1-628579160,S2-365875109,S1_S2,US,0,none
S1-628579160,S2-899256813,S1_S2,US,0,none
S1-630852480,S2-553139408,S1_S2,US,0,none
S1-630852480,S2-90138268,S1_S2,US,0,none
S1-630852480,S3-520377877,S1_S3,US,0,none
S1-631879608,S3-929460332,S1_S3,India,0,none
S1-631879608,S3-98322485,S1_S3,India,0,none
S1-632304933,S2-261140177,S1_S2,US,0,none
S1-632304933,S2-332716870,S1_S2,US,0,none
S1-632304933,S2-895272639,S1_S2,US,0,none
S1-632304933,S3-493121996,S1_S3,US,0,none
S1-634028576,S2-437735793,S1_S2,India,0,none
S1-634028576,S2-884755524,S1_S2,India,0,none
S1-634028576,S3-429647334,S1_S3,India,0,none
S1-634028576,S3-810090886,S1_S3,India,0,none
S1-635548049,S2-655141279,S1_S2,India,0,none
S1-635548049,S2-97575774,S1_S2,India,0,none
S1-635548049,S3-3573256,S1_S3,India,0,none
S1-635788224,S3-364124879,S1_S3,US,0,none
S1-636644154,S2-859364848,S1_S2,India,0,none
S1-636644154,S3-859848459,S1_S3,India,0,none
S1-636950596,S2-811249850,S1_S2,India,0,none
S1-636950596,S3-981969577,S1_S3,India,0,none
S1-63702561,S2-908186904,S1_S2,US,0,none
S1-63702561,S3-107604151,S1_S3,US,0,none
S1-63702561,S3-176857016,S1_S3,US,0,none
S1-637293773,S2-17474132,S1_S2,India,0,none
S1-637293773,S2-569634934,S1_S2,India,0,none
S1-637536813,S2-866456612,S1_S2,US,0,none
S1-637536813,S3-177817164,S1_S3,US,0,none
S1-637709496,S3-419277801,S1_S3,US,0,none
S1-637709496,S3-491418517,S1_S3,US,0,none
S1-638204230,S3-322811900,S1_S3,US,0,none
S1-638204230,S3-456955642,S1_S3,US,0,none
S1-638213909,S2-604464735,S1_S2,US,0,none
S1-639059295,S3-980508684,S1_S3,US,0,none
S1-639141309,S2-974164576,S1_S2,India,0,none
S1-639141309,S3-311830118,S1_S3,India,0,none
S1-639141309,S3-459088178,S1_S3,India,0,none
S1-639390290,S2-589112306,S1_S2,India,0,none
S1-639390290,S3-125861292,S1_S3,India,0,none
S1-639390290,S3-509135262,S1_S3,India,0,none
S1-639390290,S3-594518753,S1_S3,India,0,none
S1-63971103,S3-88537473,S1_S3,India,0,none
S1-639914160,S2-91621333,S1_S2,India,0,none
S1-639914160,S2-940067733,S1_S2,India,0,none
S1-639914160,S3-791299444,S1_S3,India,0,none
S1-64056409,S2-551893522,S1_S2,India,0,none
S1-64056409,S2-631164904,S1_S2,India,0,none
S1-64056409,S2-771639728,S1_S2,India,0,none
S1-64056409,S3-26984912,S1_S3,India,0,none
S1-64056409,S3-853904640,S1_S3,India,0,none
S1-640835937,S2-412496787,S1_S2,India,0,none
S1-640835937,S2-610905128,S1_S2,India,0,none
S1-640835937,S2-998516967,S1_S2,India,0,none
S1-640835937,S3-124101895,S1_S3,India,0,none
S1-641335380,S2-204466606,S1_S2,US,0,none
S1-641335380,S2-573079228,S1_S2,US,0,none
S1-641335380,S3-255557665,S1_S3,US,0,none
S1-64145073,S2-289293994,S1_S2,US,0,none
S1-64145073,S3-595061841,S1_S3,US,0,none
S1-641605941,S2-796999541,S1_S2,US,0,none
S1-641605941,S3-787144535,S1_S3,US,0,none
S1-642918954,S2-845619734,S1_S2,US,0,none
S1-642918954,S3-833582813,S1_S3,US,0,none
S1-643269819,S3-244978468,S1_S3,US,0,none
S1-643269819,S3-53305981,S1_S3,US,0,none
S1-643269819,S3-598994612,S1_S3,US,0,none
S1-643269819,S3-61219270,S1_S3,US,0,none
S1-644143740,S2-877146184,S1_S2,India,0,none
S1-644143740,S2-901509339,S1_S2,India,0,none
S1-644143740,S3-179809650,S1_S3,India,0,none
S1-644306254,S2-49209565,S1_S2,US,0,none
S1-644995146,S2-411800601,S1_S2,India,0,none
S1-644995146,S3-223633108,S1_S3,India,0,none
S1-644995146,S3-273652822,S1_S3,India,0,none
S1-644995146,S3-423142955,S1_S3,India,0,none
S1-644995146,S3-591627029,S1_S3,India,0,none
S1-645022,S3-266637317,S1_S3,India,0,none
S1-645700336,S2-422164842,S1_S2,US,0,none
S1-645700336,S3-71486607,S1_S3,US,0,none
S1-645708214,S3-600970639,S1_S3,US,0,none
S1-645708214,S3-664760767,S1_S3,US,0,none
S1-645754632,S2-595562853,S1_S2,India,0,none
S1-645754632,S3-251789998,S1_S3,India,0,none
S1-645754632,S3-676426043,S1_S3,India,0,none
S1-646164572,S2-748739725,S1_S2,US,0,none
S1-646676310,S2-95494574,S1_S2,US,0,none
S1-647112147,S2-832359720,S1_S2,India,0,none
S1-647112147,S3-69322858,S1_S3,India,0,none
S1-647112147,S3-897066769,S1_S3,India,0,none
S1-647112147,S3-902030837,S1_S3,India,0,none
S1-64753846,S2-348132257,S1_S2,India,0,none
S1-64753846,S2-500872964,S1_S2,India,0,none
S1-64753846,S2-894182338,S1_S2,India,0,none
S1-64753846,S3-229076297,S1_S3,India,0,none
S1-64753846,S3-360612867,S1_S3,India,0,none
S1-647784404,S2-43777314,S1_S2,US,0,none
S1-647784404,S2-474674771,S1_S2,US,0,none
S1-648344296,S3-784448663,S1_S3,US,0,none
S1-648344296,S3-953454550,S1_S3,US,0,none
S1-649362922,S2-25673570,S1_S2,India,0,none
S1-649747590,S3-244463979,S1_S3,India,0,none
S1-650779023,S2-513276149,S1_S2,India,0,none
S1-650779023,S3-26075882,S1_S3,India,0,none
S1-650779023,S3-700219197,S1_S3,India,0,none
S1-651327657,S2-970186397,S1_S2,India,0,none
S1-651406333,S2-299056767,S1_S2,US,0,none
S1-651406333,S2-83372652,S1_S2,US,0,none
S1-651889593,S3-102019022,S1_S3,US,0,none
S1-651889593,S3-155638388,S1_S3,US,0,none
S1-651889593,S3-855748640,S1_S3,US,0,none
S1-652586608,S2-657908422,S1_S2,India,0,none
S1-652586608,S3-767379711,S1_S3,India,0,none
S1-652667479,S2-748820171,S1_S2,India,0,none
S1-652667479,S2-808817455,S1_S2,India,0,none
S1-652817829,S2-522652429,S1_S2,US,0,none
S1-652817829,S2-528232266,S1_S2,US,0,none
S1-652887619,S2-874413509,S1_S2,India,0,none
S1-654392106,S2-319891111,S1_S2,US,0,none
S1-654392106,S3-506515921,S1_S3,US,0,none
S1-654769440,S2-354403217,S1_S2,India,0,none
S1-654769440,S3-546465508,S1_S3,India,0,none
S1-654769440,S3-811745418,S1_S3,India,0,none
S1-655062498,S2-495053072,S1_S2,US,0,none
S1-655062498,S2-731427900,S1_S2,US,0,none
S1-656397828,S2-105381621,S1_S2,India,0,none
S1-656397828,S3-753075675,S1_S3,India,0,none
S1-657054104,S2-312166851,S1_S2,India,0,none
S1-657054104,S3-216649401,S1_S3,India,0,none
S1-657054104,S3-495065664,S1_S3,India,0,none
S1-657054104,S3-706810042,S1_S3,India,0,none
S1-658755312,S2-520500736,S1_S2,US,0,none
S1-659591219,S2-763376005,S1_S2,India,0,none
S1-65984268,S3-952362816,S1_S3,US,0,none
S1-660066543,S3-538362829,S1_S3,US,0,none
S1-660655206,S2-182916772,S1_S2,India,0,none
S1-660655206,S2-369356909,S1_S2,India,0,none
S1-660655206,S3-144080640,S1_S3,India,0,none
S1-660655206,S3-761742896,S1_S3,India,0,none
S1-660655206,S3-828552842,S1_S3,India,0,none
S1-661118553,S2-738507455,S1_S2,India,0,none
S1-661118553,S3-432564005,S1_S3,India,0,none
S1-661118553,S3-437343077,S1_S3,India,0,none
S1-661609241,S2-349422940,S1_S2,India,0,none
S1-661609241,S3-25343564,S1_S3,India,0,none
S1-661609241,S3-97750381,S1_S3,India,0,none
S1-661816148,S2-288742498,S1_S2,US,0,none
S1-662466852,S2-147625812,S1_S2,India,0,none
S1-662466852,S3-996592567,S1_S3,India,0,none
S1-662469402,S2-623711894,S1_S2,US,0,none
S1-662719571,S2-308421626,S1_S2,US,0,none
S1-663021308,S3-944686356,S1_S3,India,0,none
S1-663070042,S2-316556072,S1_S2,India,0,none
S1-663070042,S2-499043999,S1_S2,India,0,none
S1-663070042,S3-737504500,S1_S3,India,0,none
S1-663103892,S2-758817806,S1_S2,US,0,none
S1-663536839,S2-31751595,S1_S2,US,0,none
S1-663536839,S3-327277054,S1_S3,US,0,none
S1-663536839,S3-91566673,S1_S3,US,0,none
S1-664549092,S2-310050028,S1_S2,US,0,none
S1-664549092,S3-934355194,S1_S3,US,0,none
S1-664688383,S2-250090959,S1_S2,India,0,none
S1-664688383,S3-273959614,S1_S3,India,0,none
S1-664688383,S3-474999596,S1_S3,India,0,none
S1-66480290,S3-305064431,S1_S3,US,0,none
S1-665346434,S2-357519507,S1_S2,US,0,none
S1-665346434,S2-656451198,S1_S2,US,0,none
S1-665346434,S2-708889505,S1_S2,US,0,none
S1-665346434,S3-296871681,S1_S3,US,0,none
S1-665346434,S3-750258126,S1_S3,US,0,none
S1-66585681,S2-119767844,S1_S2,India,0,none
S1-66585681,S2-192193369,S1_S2,India,0,none
S1-66585681,S3-559371929,S1_S3,India,0,none
S1-666591378,S2-383513081,S1_S2,India,0,none
S1-666714695,S2-154591991,S1_S2,India,0,none
S1-666714695,S2-177216734,S1_S2,India,0,none
S1-666714695,S2-483721766,S1_S2,India,0,none
S1-666714695,S2-968358573,S1_S2,India,0,none
S1-666714695,S3-668812092,S1_S3,India,0,none
S1-666905110,S2-290112959,S1_S2,US,0,none
S1-666905110,S2-457243691,S1_S2,US,0,none
S1-666905110,S2-880295159,S1_S2,US,0,none
S1-666905110,S3-414522198,S1_S3,US,0,none
S1-666905110,S3-578972590,S1_S3,US,0,none
S1-667376840,S2-436180373,S1_S2,US,0,none
S1-667737250,S2-490316652,S1_S2,India,0,none
S1-667737250,S3-387085451,S1_S3,India,0,none
S1-667737250,S3-809535161,S1_S3,India,0,none
S1-66815789,S2-114306923,S1_S2,India,0,none
S1-66815789,S2-128268014,S1_S2,India,0,none
S1-66815789,S2-33570767,S1_S2,India,0,none
S1-66815789,S3-776567954,S1_S3,India,0,none
S1-66815789,S3-947761084,S1_S3,India,0,none
S1-668498840,S2-113389544,S1_S2,US,0,none
S1-668498840,S2-361114447,S1_S2,US,0,none
S1-668772218,S2-690049696,S1_S2,US,0,none
S1-668772218,S2-943267258,S1_S2,US,0,none
S1-668772218,S3-162059436,S1_S3,US,0,none
S1-668998088,S3-980599084,S1_S3,India,0,none
S1-669482539,S2-191976057,S1_S2,India,0,none
S1-669482539,S2-303247134,S1_S2,India,0,none
S1-669482539,S2-306200992,S1_S2,India,0,none
S1-669674563,S3-189867122,S1_S3,India,0,none
S1-669981623,S3-969719832,S1_S3,US,0,none
S1-670409472,S2-548341796,S1_S2,India,0,none
S1-670409472,S2-621134478,S1_S2,India,0,none
S1-670409472,S3-528800479,S1_S3,India,0,none
S1-670890283,S3-865646433,S1_S3,US,0,none
S1-671508584,S2-909388157,S1_S2,India,0,none
S1-671508584,S3-719716852,S1_S3,India,0,none
S1-671670988,S2-229810177,S1_S2,India,0,none
S1-671670988,S3-122254872,S1_S3,India,0,none
S1-671670988,S3-243784171,S1_S3,India,0,none
S1-671670988,S3-466529567,S1_S3,India,0,none
S1-671670988,S3-628888271,S1_S3,India,0,none
S1-674407644,S2-505747954,S1_S2,India,0,none
S1-674407644,S3-391621106,S1_S3,India,0,none
S1-674407644,S3-504429466,S1_S3,India,0,none
S1-674407644,S3-996980563,S1_S3,India,0,none
S1-674429955,S2-587235249,S1_S2,US,0,none
S1-674429955,S2-725127468,S1_S2,US,0,none
S1-674719774,S2-926347328,S1_S2,US,0,none
S1-674719774,S3-39168486,S1_S3,US,0,none
S1-674804543,S2-115432484,S1_S2,US,0,none
S1-674804543,S2-9653955,S1_S2,US,0,none
S1-674804543,S3-503592183,S1_S3,US,0,none
S1-674840494,S2-462333692,S1_S2,India,0,none
S1-674840494,S3-330462682,S1_S3,India,0,none
S1-674840494,S3-532444516,S1_S3,India,0,none
S1-674971864,S2-288091823,S1_S2,India,0,none
S1-674971864,S2-603174306,S1_S2,India,0,none
S1-674971864,S2-746893495,S1_S2,India,0,none
S1-674971864,S3-518447176,S1_S3,India,0,none
S1-674971864,S3-909073363,S1_S3,India,0,none
S1-674971864,S3-919232590,S1_S3,India,0,none
S1-675018360,S2-582113657,S1_S2,US,0,none
S1-675018360,S3-347369710,S1_S3,US,0,none
S1-675101505,S2-589765270,S1_S2,US,0,none
S1-675101505,S2-61736032,S1_S2,US,0,none
S1-675101505,S2-978841669,S1_S2,US,0,none
S1-675715402,S2-158389017,S1_S2,US,0,none
S1-675715402,S3-451533870,S1_S3,US,0,none
S1-6765230,S2-185072197,S1_S2,US,0,none
S1-6765230,S2-322274125,S1_S2,US,0,none
S1-676700038,S2-20189612,S1_S2,India,0,none
S1-676700038,S3-335040907,S1_S3,India,0,none
S1-676700038,S3-441633354,S1_S3,India,0,none
S1-676700038,S3-960161299,S1_S3,India,0,none
S1-676757451,S2-721289914,S1_S2,India,0,none
S1-676757451,S3-894773401,S1_S3,India,0,none
S1-677448711,S3-595185513,S1_S3,US,0,none
S1-677448711,S3-879791979,S1_S3,US,0,none
S1-677879359,S2-625525011,S1_S2,India,0,none
S1-679019388,S3-401554481,S1_S3,US,0,none
S1-679363660,S2-48319638,S1_S2,India,0,none
S1-679363660,S2-622558605,S1_S2,India,0,none
S1-679363660,S2-93630949,S1_S2,India,0,none
S1-679363660,S3-577079683,S1_S3,India,0,none
S1-679363660,S3-752059037,S1_S3,India,0,none
S1-68034533,S2-491818213,S1_S2,India,0,none
S1-681285878,S2-763465506,S1_S2,India,0,none
S1-681285878,S2-792808463,S1_S2,India,0,none
S1-681285878,S3-231318636,S1_S3,India,0,none
S1-681285878,S3-695916623,S1_S3,India,0,none
S1-681506272,S2-730966715,S1_S2,India,0,none
S1-681506272,S3-243345330,S1_S3,India,0,none
S1-683331622,S2-567580250,S1_S2,US,0,none
S1-683462078,S2-116772949,S1_S2,US,0,none
S1-683462078,S3-433982548,S1_S3,US,0,none
S1-68385867,S3-327745760,S1_S3,India,0,none
S1-684071179,S3-102781484,S1_S3,US,0,none
S1-684071179,S3-927419588,S1_S3,US,0,none
S1-684164258,S2-238975791,S1_S2,India,0,none
S1-684164258,S3-489228602,S1_S3,India,0,none
S1-684252465,S2-27088713,S1_S2,US,0,none
S1-684252465,S2-756525663,S1_S2,US,0,none
S1-684252465,S3-64491868,S1_S3,US,0,none
S1-684252465,S3-809329543,S1_S3,US,0,none
S1-68429412,S2-316635182,S1_S2,India,0,none
S1-68429412,S2-792490993,S1_S2,India,0,none
S1-684298965,S2-208879626,S1_S2,India,0,none
S1-684298965,S3-771111905,S1_S3,India,0,none
S1-684330058,S2-35162287,S1_S2,US,0,none
S1-684330058,S2-811292344,S1_S2,US,0,none
S1-684330058,S3-873643519,S1_S3,US,0,none
S1-68637438,S2-575002694,S1_S2,India,0,none
S1-687057270,S2-984143654,S1_S2,India,0,none
S1-687057270,S3-171582730,S1_S3,India,0,none
S1-687057270,S3-244023530,S1_S3,India,0,none
S1-687057270,S3-763751851,S1_S3,India,0,none
S1-68762231,S2-317936846,S1_S2,US,0,none
S1-68762231,S3-119044612,S1_S3,US,0,none
S1-68797250,S2-949914393,S1_S2,India,0,none
S1-688021056,S2-806639960,S1_S2,US,0,none
S1-688021056,S3-759021718,S1_S3,US,0,none
S1-689041300,S3-484851255,S1_S3,US,0,none
S1-689326752,S2-136876533,S1_S2,US,0,none
S1-689326752,S2-397390130,S1_S2,US,0,none
S1-689332755,S2-236215276,S1_S2,US,0,none
S1-689332755,S2-549831143,S1_S2,US,0,none
S1-689332755,S3-6724419,S1_S3,US,0,none
S1-689377131,S2-705535792,S1_S2,US,0,none
S1-690978444,S3-226075328,S1_S3,US,0,none
S1-690978444,S3-724307660,S1_S3,US,0,none
S1-691833987,S2-433989838,S1_S2,US,0,none
S1-691833987,S2-488829488,S1_S2,US,0,none
S1-691833987,S3-188633155,S1_S3,US,0,none
S1-693231686,S2-329683611,S1_S2,India,0,none
S1-693231686,S3-375073099,S1_S3,India,0,none
S1-693592148,S2-943112856,S1_S2,India,0,none
S1-693592148,S3-472989224,S1_S3,India,0,none
S1-693603708,S2-465310514,S1_S2,US,0,none
S1-693603708,S2-877060334,S1_S2,US,0,none
S1-694095330,S2-622610143,S1_S2,India,0,none
S1-694095330,S3-71382771,S1_S3,India,0,none
S1-697234191,S2-839912372,S1_S2,US,0,none
S1-697234191,S3-709192952,S1_S3,US,0,none
S1-697582016,S2-33802189,S1_S2,India,0,none
S1-697582016,S3-686510893,S1_S3,India,0,none
S1-69789466,S2-982782435,S1_S2,India,0,none
S1-69789466,S3-194605595,S1_S3,India,0,none
S1-698615149,S2-103847333,S1_S2,US,0,none
S1-698615666,S2-907439330,S1_S2,US,0,none
S1-698615666,S3-400308224,S1_S3,US,0,none
S1-698905301,S2-35542159,S1_S2,India,0,none
S1-698905301,S3-184011190,S1_S3,India,0,none
S1-698905301,S3-340377138,S1_S3,India,0,none
S1-699683002,S2-747696109,S1_S2,US,0,none
S1-699683002,S3-2174885,S1_S3,US,0,none
S1-699683002,S3-979704771,S1_S3,US,0,none
S1-699781472,S3-920570400,S1_S3,India,0,none
S1-699807728,S2-957143461,S1_S2,US,0,none
S1-699864578,S3-248860376,S1_S3,US,0,none
S1-699864578,S3-596311702,S1_S3,US,0,none
S1-700850879,S2-121311264,S1_S2,India,0,none
S1-700850879,S2-170890693,S1_S2,India,0,none
S1-700850879,S2-191876730,S1_S2,India,0,none
S1-700850879,S3-496752075,S1_S3,India,0,none
S1-700850879,S3-749723477,S1_S3,India,0,none
S1-700965345,S2-41473554,S1_S2,India,0,none
S1-700965345,S3-396852782,S1_S3,India,0,none
S1-701043451,S2-222276695,S1_S2,India,0,none
S1-701043451,S3-180899549,S1_S3,India,0,none
S1-701043451,S3-476289240,S1_S3,India,0,none
S1-701075599,S2-149945951,S1_S2,US,0,none
S1-701075599,S3-76263954,S1_S3,US,0,none
S1-701829628,S2-608434780,S1_S2,US,0,none
S1-702653644,S2-487369776,S1_S2,US,0,none
S1-702653644,S3-38898381,S1_S3,US,0,none
S1-702653644,S3-555831660,S1_S3,US,0,none
S1-702653644,S3-965740402,S1_S3,US,0,none
S1-702782255,S2-654148057,S1_S2,India,0,none
S1-702782255,S3-335205568,S1_S3,India,0,none
S1-702782255,S3-425192614,S1_S3,India,0,none
S1-702782255,S3-931490353,S1_S3,India,0,none
S1-702860785,S2-721002085,S1_S2,India,0,none
S1-702860785,S3-989164368,S1_S3,India,0,none
S1-703067452,S2-61206887,S1_S2,India,0,none
S1-703067452,S2-679345782,S1_S2,India,0,none
S1-703067452,S3-452458596,S1_S3,India,0,none
S1-705593921,S2-126225683,S1_S2,US,0,none
S1-705593921,S2-509978838,S1_S2,US,0,none
S1-705593921,S2-936405369,S1_S2,US,0,none
S1-705593921,S3-464112090,S1_S3,US,0,none
S1-706347699,S2-489973240,S1_S2,US,0,none
S1-706347699,S3-979699933,S1_S3,US,0,none
S1-707240175,S3-579246896,S1_S3,India,0,none
S1-707461848,S2-520018767,S1_S2,India,0,none
S1-707461848,S2-601644034,S1_S2,India,0,none
S1-707461848,S2-671671384,S1_S2,India,0,none
S1-707461848,S3-26332636,S1_S3,India,0,none
S1-707461848,S3-925280592,S1_S3,India,0,none
S1-707578655,S3-441386641,S1_S3,US,0,none
S1-707578655,S3-776762197,S1_S3,US,0,none
S1-70790505,S2-448424296,S1_S2,US,0,none
S1-70790505,S3-682895671,S1_S3,US,0,none
S1-70854868,S2-38484299,S1_S2,US,0,none
S1-70854868,S3-391789795,S1_S3,US,0,none
S1-708753373,S2-856339185,S1_S2,US,0,none
S1-708753373,S3-552023741,S1_S3,US,0,none
S1-709776388,S3-407115601,S1_S3,US,0,none
S1-709776388,S3-660440650,S1_S3,US,0,none
S1-709776388,S3-701726784,S1_S3,US,0,none
S1-709832691,S2-545596581,S1_S2,US,0,none
S1-709832691,S3-124372089,S1_S3,US,0,none
S1-709994053,S2-965429196,S1_S2,US,0,none
S1-709994053,S3-678914789,S1_S3,US,0,none
S1-710238823,S3-338695011,S1_S3,US,0,none
S1-710238823,S3-62376703,S1_S3,US,0,none
S1-710582474,S2-154438035,S1_S2,US,0,none
S1-710582474,S3-189576413,S1_S3,US,0,none
S1-710582474,S3-418401565,S1_S3,US,0,none
S1-710582474,S3-91953382,S1_S3,US,0,none
S1-710602948,S2-76028688,S1_S2,US,0,none
S1-711534855,S3-570210606,S1_S3,US,0,none
S1-711684016,S2-591587309,S1_S2,US,0,none
S1-711802413,S2-118460838,S1_S2,US,0,none
S1-711888058,S2-158288852,S1_S2,US,0,none
S1-713318559,S2-603565609,S1_S2,India,0,none
S1-713318559,S3-145593985,S1_S3,India,0,none
S1-713318559,S3-862113660,S1_S3,India,0,none
S1-713758640,S3-982637209,S1_S3,US,0,none
S1-714204357,S2-126919293,S1_S2,India,0,none
S1-714204357,S2-394071887,S1_S2,India,0,none
S1-714204357,S2-427213127,S1_S2,India,0,none
S1-714654852,S3-406078748,S1_S3,India,0,none
S1-714654852,S3-604106874,S1_S3,India,0,none
S1-714654852,S3-633863466,S1_S3,India,0,none
S1-715018557,S2-903211700,S1_S2,US,0,none
S1-716174022,S2-527610215,S1_S2,US,0,none
S1-716174022,S2-649826236,S1_S2,US,0,none
S1-716174022,S3-678797875,S1_S3,US,0,none
S1-717612,S3-295089109,S1_S3,US,0,none
S1-718042596,S2-319047855,S1_S2,India,0,none
S1-718042596,S3-100612005,S1_S3,India,0,none
S1-718042596,S3-594712977,S1_S3,India,0,none
S1-718042596,S3-759412065,S1_S3,India,0,none
S1-718118397,S2-403562367,S1_S2,India,0,none
S1-718118397,S3-65565188,S1_S3,India,0,none
S1-718755497,S2-13094100,S1_S2,US,0,none
S1-718755497,S2-303100805,S1_S2,US,0,none
S1-718755497,S3-982716608,S1_S3,US,0,none
S1-719501149,S3-331721882,S1_S3,US,0,none
S1-719856007,S3-257027823,S1_S3,India,0,none
S1-719856007,S3-79025678,S1_S3,India,0,none
S1-720275740,S2-105984888,S1_S2,US,0,none
S1-720275740,S2-758900994,S1_S2,US,0,none
S1-720275740,S2-763568607,S1_S2,US,0,none
S1-720275740,S3-335693867,S1_S3,US,0,none
S1-720275740,S3-408912996,S1_S3,US,0,none
S1-721091772,S2-847432217,S1_S2,US,0,none
S1-721285629,S2-391229479,S1_S2,US,0,none
S1-721285629,S3-954161666,S1_S3,US,0,none
S1-721379383,S3-781239128,S1_S3,US,0,none
S1-721379383,S3-786220275,S1_S3,US,0,none
S1-721898139,S2-382184856,S1_S2,US,0,none
S1-721898139,S3-311282729,S1_S3,US,0,none
S1-722217098,S2-821023404,S1_S2,US,0,none
S1-722217098,S3-63855554,S1_S3,US,0,none
S1-722283159,S2-418248389,S1_S2,US,0,none
S1-722283159,S3-144096595,S1_S3,US,0,none
S1-724253276,S3-182049568,S1_S3,US,0,none
S1-724253276,S3-397461363,S1_S3,US,0,none
S1-724253276,S3-74340092,S1_S3,US,0,none
S1-724728030,S2-86255859,S1_S2,India,0,none
S1-725081358,S2-437371672,S1_S2,India,0,none
S1-725081358,S2-831979712,S1_S2,India,0,none
S1-725081358,S3-23269200,S1_S3,India,0,none
S1-725081358,S3-789401275,S1_S3,India,0,none
S1-725240173,S2-919074671,S1_S2,US,0,none
S1-725240173,S3-344285398,S1_S3,US,0,none
S1-725240173,S3-608176635,S1_S3,US,0,none
S1-725471063,S3-446777062,S1_S3,US,0,none
S1-726003583,S3-330583919,S1_S3,US,0,none
S1-726003583,S3-572527927,S1_S3,US,0,none
S1-726003583,S3-976499029,S1_S3,US,0,none
S1-726491210,S2-22478614,S1_S2,US,0,none
S1-726491210,S3-245100915,S1_S3,US,0,none
S1-726906412,S2-613477621,S1_S2,India,0,none
S1-726906412,S3-613779830,S1_S3,India,0,none
S1-7272746,S2-540368246,S1_S2,US,0,none
S1-7272746,S2-594732875,S1_S2,US,0,none
S1-7272746,S2-957322522,S1_S2,US,0,none
S1-7272746,S3-165944787,S1_S3,US,0,none
S1-727570541,S3-584625807,S1_S3,US,0,none
S1-729106984,S2-344915710,S1_S2,US,0,none
S1-729260395,S2-274566293,S1_S2,India,0,none
S1-729260395,S3-126717283,S1_S3,India,0,none
S1-729260395,S3-885590443,S1_S3,India,0,none
S1-729831412,S2-639631988,S1_S2,India,0,none
S1-729831412,S3-524032158,S1_S3,India,0,none
S1-729831412,S3-804201682,S1_S3,India,0,none
S1-729831412,S3-829606318,S1_S3,India,0,none
S1-730283841,S3-354706714,S1_S3,US,0,none
S1-730283841,S3-539146878,S1_S3,US,0,none
S1-730459474,S2-199999847,S1_S2,India,0,none
S1-730459474,S2-843510233,S1_S2,India,0,none
S1-730459474,S3-282892618,S1_S3,India,0,none
S1-730459474,S3-655545515,S1_S3,India,0,none
S1-730524495,S2-857325338,S1_S2,India,0,none
S1-730524495,S3-881203096,S1_S3,India,0,none
S1-730685070,S2-626915589,S1_S2,India,0,none
S1-730977084,S2-387697009,S1_S2,US,0,none
S1-730977084,S2-507261139,S1_S2,US,0,none
S1-730977084,S2-554767649,S1_S2,US,0,none
S1-730977084,S3-676796187,S1_S3,US,0,none
S1-731279988,S2-544415354,S1_S2,India,0,none
S1-731279988,S3-287829467,S1_S3,India,0,none
S1-731323946,S2-41716257,S1_S2,India,0,none
S1-731323946,S2-863275872,S1_S2,India,0,none
S1-731323946,S3-206106778,S1_S3,India,0,none
S1-731323946,S3-748811073,S1_S3,India,0,none
S1-731323946,S3-796696392,S1_S3,India,0,none
S1-731801298,S2-26985321,S1_S2,US,0,none
S1-731801298,S2-950549386,S1_S2,US,0,none
S1-731801298,S3-143183608,S1_S3,US,0,none
S1-731843758,S3-263576414,S1_S3,US,0,none
S1-731843758,S3-682915444,S1_S3,US,0,none
S1-731913916,S2-432432248,S1_S2,India,0,none
S1-731913916,S3-279917233,S1_S3,India,0,none
S1-733097594,S2-407168249,S1_S2,US,0,none
S1-733097594,S2-753125289,S1_S2,US,0,none
S1-733097594,S3-134055581,S1_S3,US,0,none
S1-733097594,S3-221909085,S1_S3,US,0,none
S1-733097594,S3-614600471,S1_S3,US,0,none
S1-733099040,S2-288815561,S1_S2,US,0,none
S1-733715654,S3-735667022,S1_S3,US,0,none
S1-733716384,S2-115523684,S1_S2,US,0,none
S1-733716384,S2-25950714,S1_S2,US,0,none
S1-733716384,S2-464569218,S1_S2,US,0,none
S1-733716384,S2-818903625,S1_S2,US,0,none
S1-733716384,S3-137887857,S1_S3,US,0,none
S1-733716384,S3-711958022,S1_S3,US,0,none
S1-733716384,S3-898183344,S1_S3,US,0,none
S1-734746132,S2-338525520,S1_S2,India,0,none
S1-734746132,S3-113636946,S1_S3,India,0,none
S1-734746132,S3-302505435,S1_S3,India,0,none
S1-734989677,S2-358043675,S1_S2,India,0,none
S1-734989677,S3-905920449,S1_S3,India,0,none
S1-735206518,S2-212180762,S1_S2,India,0,none
S1-735206518,S2-348290089,S1_S2,India,0,none
S1-735206518,S2-699861342,S1_S2,India,0,none
S1-735206518,S3-433503822,S1_S3,India,0,none
S1-736182530,S2-904291236,S1_S2,US,0,none
S1-736182530,S3-353168750,S1_S3,US,0,none
S1-736265346,S2-457769917,S1_S2,US,0,none
S1-736265346,S3-134414149,S1_S3,US,0,none
S1-736345516,S2-327592913,S1_S2,India,0,none
S1-736345516,S2-648843783,S1_S2,India,0,none
S1-736563565,S2-287426870,S1_S2,India,0,none
S1-736563565,S2-983646223,S1_S2,India,0,none
S1-736880456,S2-57048996,S1_S2,India,0,none
S1-736880456,S3-159949832,S1_S3,India,0,none
S1-736880456,S3-260295103,S1_S3,India,0,none
S1-736880456,S3-875653283,S1_S3,India,0,none
S1-737478629,S2-87570986,S1_S2,India,0,none
S1-737478629,S3-243268831,S1_S3,India,0,none
S1-737478629,S3-638517037,S1_S3,India,0,none
S1-738026616,S3-279163026,S1_S3,US,0,none
S1-738264661,S2-653223386,S1_S2,US,0,none
S1-738608990,S2-527023449,S1_S2,US,0,none
S1-738608990,S2-673669727,S1_S2,US,0,none
S1-738608990,S2-780390497,S1_S2,US,0,none
S1-738608990,S3-259360377,S1_S3,US,0,none
S1-738643538,S2-148388647,S1_S2,US,0,none
S1-738848981,S2-504450736,S1_S2,India,0,none
S1-738848981,S3-696398427,S1_S3,India,0,none
S1-738848981,S3-920844461,S1_S3,India,0,none
S1-738848981,S3-949915903,S1_S3,India,0,none
S1-738891324,S2-219776251,S1_S2,US,0,none
S1-738891324,S3-390890572,S1_S3,US,0,none
S1-738891324,S3-577490740,S1_S3,US,0,none
S1-738891324,S3-75865943,S1_S3,US,0,none
S1-739733543,S2-560408442,S1_S2,US,0,none
S1-739733543,S2-711401043,S1_S2,US,0,none
S1-739799929,S2-12365504,S1_S2,India,0,none
S1-739799929,S3-167076336,S1_S3,India,0,none
S1-739799929,S3-438726348,S1_S3,India,0,none
S1-739799929,S3-561708697,S1_S3,India,0,none
S1-741426988,S3-223976004,S1_S3,US,0,none
S1-741994092,S3-104502104,S1_S3,US,0,none
S1-741994092,S3-216281916,S1_S3,US,0,none
S1-741994092,S3-514295566,S1_S3,US,0,none
S1-741994092,S3-526503514,S1_S3,US,0,none
S1-742032441,S2-199151150,S1_S2,US,0,none
S1-743751695,S2-870731056,S1_S2,US,0,none
S1-743751695,S2-905005316,S1_S2,US,0,none
S1-743751695,S3-988571607,S1_S3,US,0,none
S1-744020130,S2-296185816,S1_S2,India,0,none
S1-744020130,S2-636713985,S1_S2,India,0,none
S1-744020130,S3-189728981,S1_S3,India,0,none
S1-744020130,S3-809936700,S1_S3,India,0,none
S1-744272818,S3-708552758,S1_S3,US,0,none
S1-744359504,S3-142186809,S1_S3,US,0,none
S1-744359504,S3-816060586,S1_S3,US,0,none
S1-744511796,S2-336993075,S1_S2,India,0,none
S1-744511796,S2-4218554,S1_S2,India,0,none
S1-744511796,S3-200563236,S1_S3,India,0,none
S1-744511796,S3-838089218,S1_S3,India,0,none
S1-744649725,S2-73011476,S1_S2,US,0,none
S1-744649725,S3-75983457,S1_S3,US,0,none
S1-746413888,S2-200245043,S1_S2,India,0,none
S1-746413888,S2-459945057,S1_S2,India,0,none
S1-747150573,S2-248487112,S1_S2,US,0,none
S1-747150573,S2-748352876,S1_S2,US,0,none
S1-747476346,S2-680517932,S1_S2,India,0,none
S1-747476346,S3-603593250,S1_S3,India,0,none
S1-747476346,S3-951244727,S1_S3,India,0,none
S1-748458705,S3-328135894,S1_S3,US,0,none
S1-748863531,S2-403668282,S1_S2,India,0,none
S1-748863531,S2-818013675,S1_S2,India,0,none
S1-748863531,S3-294679967,S1_S3,India,0,none
S1-748863531,S3-742080960,S1_S3,India,0,none
S1-749183396,S3-380944742,S1_S3,US,0,none
S1-749183396,S3-711434523,S1_S3,US,0,none
S1-749348941,S2-665788847,S1_S2,US,0,none
S1-750481826,S2-814732934,S1_S2,US,0,none
S1-750481826,S2-965662182,S1_S2,US,0,none
S1-750481826,S2-967917284,S1_S2,US,0,none
S1-750481826,S3-316401830,S1_S3,US,0,none
S1-750509775,S2-344067476,S1_S2,US,0,none
S1-750509775,S3-333925584,S1_S3,US,0,none
S1-750719994,S2-230503472,S1_S2,US,0,none
S1-751061961,S3-183953417,S1_S3,India,0,none
S1-751061961,S3-243428096,S1_S3,India,0,none
S1-751061961,S3-585702006,S1_S3,India,0,none
S1-751061961,S3-80543475,S1_S3,India,0,none
S1-751428422,S3-553189320,S1_S3,US,0,none
S1-751658455,S2-324111136,S1_S2,US,0,none
S1-751658455,S3-812901810,S1_S3,US,0,none
S1-751863633,S2-501745856,S1_S2,US,0,none
S1-752049538,S2-381072339,S1_S2,US,0,none
S1-752049538,S3-43192596,S1_S3,US,0,none
S1-752049538,S3-502115190,S1_S3,US,0,none
S1-75256239,S3-487122569,S1_S3,US,0,none
S1-753258319,S2-922967498,S1_S2,US,0,none
S1-753258319,S3-339905525,S1_S3,US,0,none
S1-753258319,S3-608997721,S1_S3,US,0,none
S1-75405895,S2-223015051,S1_S2,US,0,none
S1-754830520,S2-754990175,S1_S2,India,0,none
S1-754830520,S3-725630592,S1_S3,India,0,none
S1-755473261,S2-748352621,S1_S2,US,0,none
S1-755473261,S3-270822715,S1_S3,US,0,none
S1-755473261,S3-529598279,S1_S3,US,0,none
S1-756405938,S2-471071539,S1_S2,US,0,none
S1-756405938,S3-244542852,S1_S3,US,0,none
S1-757556544,S2-569997345,S1_S2,India,0,none
S1-757556544,S3-694565291,S1_S3,India,0,none
S1-757556544,S3-991565827,S1_S3,India,0,none
S1-757558416,S2-14311171,S1_S2,India,0,none
S1-757558416,S3-153911804,S1_S3,India,0,none
S1-757558416,S3-175909139,S1_S3,India,0,none
S1-757558416,S3-800378751,S1_S3,India,0,none
S1-758968716,S2-814067288,S1_S2,India,0,none
S1-759005256,S3-222091254,S1_S3,India,0,none
S1-759005256,S3-588387819,S1_S3,India,0,none
S1-759101401,S2-80320964,S1_S2,US,0,none
S1-759392916,S3-815458806,S1_S3,US,0,none
S1-759451995,S2-622221466,S1_S2,India,0,none
S1-759451995,S3-983062052,S1_S3,India,0,none
S1-760895087,S2-754992991,S1_S2,India,0,none
S1-760895087,S2-832212773,S1_S2,India,0,none
S1-760895087,S2-967048522,S1_S2,India,0,none
S1-760895087,S3-121165908,S1_S3,India,0,none
S1-760895087,S3-480218283,S1_S3,India,0,none
S1-760895087,S3-683243380,S1_S3,India,0,none
S1-761238301,S2-887093899,S1_S2,US,0,none
S1-761238301,S3-37579153,S1_S3,US,0,none
S1-761238301,S3-466159119,S1_S3,US,0,none
S1-761555600,S2-29163955,S1_S2,US,0,none
S1-761555600,S2-578366891,S1_S2,US,0,none
S1-761555600,S2-703499167,S1_S2,US,0,none
S1-761555600,S2-822365842,S1_S2,US,0,none
S1-761555600,S3-282529108,S1_S3,US,0,none
S1-761555600,S3-567305035,S1_S3,US,0,none
S1-762335282,S3-239159688,S1_S3,India,0,none
S1-762903844,S2-334574175,S1_S2,US,0,none
S1-762903844,S2-630395047,S1_S2,US,0,none
S1-762903844,S3-232379962,S1_S3,US,0,none
S1-763653939,S2-366567018,S1_S2,India,0,none
S1-763653939,S2-651397797,S1_S2,India,0,none
S1-763653939,S3-189205035,S1_S3,India,0,none
S1-763653939,S3-189530861,S1_S3,India,0,none
S1-763653939,S3-708457590,S1_S3,India,0,none
S1-763870312,S3-812219970,S1_S3,US,0,none
S1-76392179,S3-345432250,S1_S3,US,0,none
S1-76392179,S3-921353772,S1_S3,US,0,none
S1-763923712,S2-714108693,S1_S2,US,0,none
S1-763923712,S3-673049591,S1_S3,US,0,none
S1-76439309,S2-275975702,S1_S2,India,0,none
S1-76439309,S3-461574241,S1_S3,India,0,none
S1-764653435,S2-597700866,S1_S2,India,0,none
S1-764653435,S2-742986787,S1_S2,India,0,none
S1-764653435,S3-353439666,S1_S3,India,0,none
S1-76506124,S3-755591662,S1_S3,US,0,none
S1-765080472,S2-705771579,S1_S2,US,0,none
S1-765080472,S2-88001488,S1_S2,US,0,none
S1-765080472,S3-754553312,S1_S3,US,0,none
S1-765500345,S2-546811647,S1_S2,India,0,none
S1-765719686,S2-864082752,S1_S2,US,0,none
S1-766678182,S3-703982600,S1_S3,US,0,none
S1-767632681,S2-810189249,S1_S2,US,0,none
S1-767632681,S3-998516775,S1_S3,US,0,none
S1-768737181,S2-878665204,S1_S2,US,0,none
S1-769984887,S2-296951446,S1_S2,India,0,none
S1-769984887,S2-791587405,S1_S2,India,0,none
S1-769984887,S3-142461863,S1_S3,India,0,none
S1-769984887,S3-164356335,S1_S3,India,0,none
S1-769984887,S3-222400283,S1_S3,India,0,none
S1-769984887,S3-876461940,S1_S3,India,0,none
S1-770183293,S2-47435706,S1_S2,India,0,none
S1-770183293,S3-930299193,S1_S3,India,0,none
S1-770278877,S3-134586657,S1_S3,US,0,none
S1-770701994,S2-503248959,S1_S2,US,0,none
S1-771547099,S2-315940595,S1_S2,India,0,none
S1-771547099,S2-355632286,S1_S2,India,0,none
S1-771547099,S3-370187304,S1_S3,India,0,none
S1-771547099,S3-516761175,S1_S3,India,0,none
S1-771547099,S3-989536185,S1_S3,India,0,none
S1-77193559,S3-65228854,S1_S3,US,0,none
S1-772585238,S2-869700383,S1_S2,India,0,none
S1-772585238,S3-742870722,S1_S3,India,0,none
S1-772585238,S3-945943981,S1_S3,India,0,none
S1-772688019,S2-667684559,S1_S2,India,0,none
S1-772688019,S3-744401683,S1_S3,India,0,none
S1-772840868,S2-41991863,S1_S2,India,0,none
S1-772840868,S2-580064754,S1_S2,India,0,none
S1-772840868,S2-627223420,S1_S2,India,0,none
S1-772840868,S3-428878955,S1_S3,India,0,none
S1-773954828,S3-507283792,S1_S3,US,0,none
S1-77458859,S2-442816703,S1_S2,India,0,none
S1-77458859,S2-475801687,S1_S2,India,0,none
S1-77458859,S3-128495428,S1_S3,India,0,none
S1-77458859,S3-738545381,S1_S3,India,0,none
S1-77458859,S3-858545354,S1_S3,India,0,none
S1-77458859,S3-916169652,S1_S3,India,0,none
S1-775140410,S2-133937367,S1_S2,US,0,none
S1-775140410,S3-325571998,S1_S3,US,0,none
S1-775140410,S3-378529435,S1_S3,US,0,none
S1-775411852,S2-164878214,S1_S2,US,0,none
S1-775411852,S3-431855063,S1_S3,US,0,none
S1-775411852,S3-862698258,S1_S3,US,0,none
S1-776758929,S2-520583322,S1_S2,India,0,none
S1-776758929,S2-984564765,S1_S2,India,0,none
S1-776758929,S3-430413183,S1_S3,India,0,none
S1-776758929,S3-95721450,S1_S3,India,0,none
S1-777073207,S3-129676848,S1_S3,US,0,none
S1-777699790,S2-367900220,S1_S2,India,0,none
S1-777699790,S2-502099500,S1_S2,India,0,none
S1-777699790,S3-5043215,S1_S3,India,0,none
S1-777893476,S2-56521797,S1_S2,US,0,none
S1-777893476,S3-797039018,S1_S3,US,0,none
S1-77799293,S2-151739577,S1_S2,India,0,none
S1-77799293,S3-544651294,S1_S3,India,0,none
S1-77799293,S3-919443937,S1_S3,India,0,none
S1-778340224,S2-363271571,S1_S2,US,0,none
S1-778340224,S3-227015027,S1_S3,US,0,none
S1-778340224,S3-320364121,S1_S3,US,0,none
S1-778340224,S3-85502725,S1_S3,US,0,none
S1-779455462,S3-782370049,S1_S3,US,0,none
S1-779493997,S2-944230028,S1_S2,US,0,none
S1-779493997,S3-313182380,S1_S3,US,0,none
S1-780177214,S2-307186834,S1_S2,India,0,none
S1-780177214,S2-629822826,S1_S2,India,0,none
S1-780177214,S3-31599713,S1_S3,India,0,none
S1-780177214,S3-797988955,S1_S3,India,0,none
S1-780228490,S3-658234571,S1_S3,India,0,none
S1-780287381,S2-315711263,S1_S2,US,0,none
S1-780379132,S2-133421104,S1_S2,India,0,none
S1-780379132,S3-218549700,S1_S3,India,0,none
S1-780379132,S3-800901785,S1_S3,India,0,none
S1-783426035,S3-483182593,S1_S3,India,0,none
S1-783517027,S2-131574555,S1_S2,India,0,none
S1-783517027,S3-800703758,S1_S3,India,0,none
S1-783590584,S2-186320591,S1_S2,India,0,none
S1-783590584,S2-245719796,S1_S2,India,0,none
S1-783590584,S3-581126393,S1_S3,India,0,none
S1-783590584,S3-720819105,S1_S3,India,0,none
S1-784614648,S2-746888269,S1_S2,US,0,none
S1-784614648,S3-906369288,S1_S3,US,0,none
S1-785008119,S2-358630140,S1_S2,India,0,none
S1-785008119,S2-794415392,S1_S2,India,0,none
S1-785008119,S3-4362231,S1_S3,India,0,none
S1-785235,S2-374357194,S1_S2,India,0,none
S1-785235,S2-630317391,S1_S2,India,0,none
S1-785235,S3-670715605,S1_S3,India,0,none
S1-785839619,S2-130488894,S1_S2,India,0,none
S1-785839619,S3-119138514,S1_S3,India,0,none
S1-785839619,S3-599410752,S1_S3,India,0,none
S1-786358975,S2-405923617,S1_S2,India,0,none
S1-786358975,S3-392098373,S1_S3,India,0,none
S1-786358975,S3-717937977,S1_S3,India,0,none
S1-786358975,S3-989112946,S1_S3,India,0,none
S1-786358975,S3-997860617,S1_S3,India,0,none
S1-786722091,S2-40461676,S1_S2,US,0,none
S1-786722091,S2-676962173,S1_S2,US,0,none
S1-787386714,S2-659809511,S1_S2,US,0,none
S1-787386714,S3-140987675,S1_S3,US,0,none
S1-787738206,S2-802068780,S1_S2,US,0,none
S1-787738206,S3-473536557,S1_S3,US,0,none
S1-788829248,S2-181117637,S1_S2,US,0,none
S1-789011018,S3-605545545,S1_S3,US,0,none
S1-78930460,S3-272007911,S1_S3,US,0,none
S1-789499630,S2-982110151,S1_S2,India,0,none
S1-789499630,S3-534777944,S1_S3,India,0,none
S1-789499630,S3-596285166,S1_S3,India,0,none
S1-789499630,S3-906474383,S1_S3,India,0,none
S1-790325656,S2-857132186,S1_S2,US,0,none
S1-7907324,S2-302702036,S1_S2,India,0,none
S1-7907324,S2-527281360,S1_S2,India,0,none
S1-7907324,S3-121790638,S1_S3,India,0,none
S1-791072926,S2-133165379,S1_S2,US,0,none
S1-791294565,S2-776701712,S1_S2,US,0,none
S1-791294565,S3-269972071,S1_S3,US,0,none
S1-791294565,S3-46578419,S1_S3,US,0,none
S1-791294565,S3-538716783,S1_S3,US,0,none
S1-791312255,S2-356684756,S1_S2,US,0,none
S1-791312255,S2-567225166,S1_S2,US,0,none
S1-791590583,S2-658786678,S1_S2,US,0,none
S1-791810166,S3-109418265,S1_S3,US,0,none
S1-792254571,S2-335531021,S1_S2,US,0,none
S1-792254571,S2-392860437,S1_S2,US,0,none
S1-792254571,S3-515411572,S1_S3,US,0,none
S1-792796453,S2-463854459,S1_S2,US,0,none
S1-793000713,S2-248305499,S1_S2,US,0,none
S1-793000713,S2-858634025,S1_S2,US,0,none
S1-79353275,S2-465180388,S1_S2,India,0,none
S1-79353275,S2-649611469,S1_S2,India,0,none
S1-79353275,S2-670554888,S1_S2,India,0,none
S1-79353275,S2-800016068,S1_S2,India,0,none
S1-79353275,S2-889280795,S1_S2,India,0,none
S1-79353275,S3-124641431,S1_S3,India,0,none
S1-79353275,S3-913353659,S1_S3,India,0,none
S1-79353275,S3-974846794,S1_S3,India,0,none
S1-794002673,S2-226363647,S1_S2,India,0,none
S1-794002673,S2-482872613,S1_S2,India,0,none
S1-794002673,S3-411553732,S1_S3,India,0,none
S1-794104539,S2-316227343,S1_S2,US,0,none
S1-794104539,S2-381251649,S1_S2,US,0,none
S1-794104539,S3-366780384,S1_S3,US,0,none
S1-794104539,S3-680117234,S1_S3,US,0,none
S1-795048629,S2-566166410,S1_S2,India,0,none
S1-795048629,S2-725064795,S1_S2,India,0,none
S1-795048629,S3-260734688,S1_S3,India,0,none
S1-795083210,S2-407360247,S1_S2,US,0,none
S1-795083210,S2-610033860,S1_S2,US,0,none
S1-795083210,S3-996894216,S1_S3,US,0,none
S1-795688236,S2-103119885,S1_S2,India,0,none
S1-796660109,S2-195798784,S1_S2,India,0,none
S1-796660109,S2-279767602,S1_S2,India,0,none
S1-796660109,S3-508352403,S1_S3,India,0,none
S1-796660109,S3-75337542,S1_S3,India,0,none
S1-796750486,S2-93579426,S1_S2,US,0,none
S1-796750486,S3-195023635,S1_S3,US,0,none
S1-796750486,S3-831774053,S1_S3,US,0,none
S1-797953576,S2-779280013,S1_S2,India,0,none
S1-797953576,S2-81876617,S1_S2,India,0,none
S1-797953576,S3-267547014,S1_S3,India,0,none
S1-797953576,S3-283059707,S1_S3,India,0,none
S1-798315960,S3-19681591,S1_S3,US,0,none
S1-799171637,S3-141470517,S1_S3,India,0,none
S1-799200454,S2-973394021,S1_S2,India,0,none
S1-799200454,S3-644310434,S1_S3,India,0,none
S1-799803090,S2-228629917,S1_S2,India,0,none
S1-799803090,S3-595063227,S1_S3,India,0,none
S1-799803090,S3-622806295,S1_S3,India,0,none
S1-800791790,S2-193521616,S1_S2,India,0,none
S1-800791790,S2-934104833,S1_S2,India,0,none
S1-800791790,S2-939727504,S1_S2,India,0,none
S1-800791790,S2-966822833,S1_S2,India,0,none
S1-800791790,S3-259247958,S1_S3,India,0,none
S1-801561832,S2-321453604,S1_S2,US,0,none
S1-801929719,S3-165252386,S1_S3,US,0,none
S1-801929719,S3-195860939,S1_S3,US,0,none
S1-802460575,S2-283017879,S1_S2,India,0,none
S1-802460575,S2-524323512,S1_S2,India,0,none
S1-802460575,S2-649515157,S1_S2,India,0,none
S1-802460575,S3-697627765,S1_S3,India,0,none
S1-802588614,S2-157512830,S1_S2,US,0,none
S1-802588614,S3-791316088,S1_S3,US,0,none
S1-802891731,S2-972661669,S1_S2,India,0,none
S1-802908452,S3-216027922,S1_S3,US,0,none
S1-80291356,S3-57045340,S1_S3,US,0,none
S1-803234098,S2-42239584,S1_S2,US,0,none
S1-803234098,S2-630302925,S1_S2,US,0,none
S1-803234098,S2-935447585,S1_S2,US,0,none
S1-803234098,S3-184082020,S1_S3,US,0,none
S1-803234098,S3-200254719,S1_S3,US,0,none
S1-803798812,S2-673295823,S1_S2,US,0,none
S1-803798812,S3-645738116,S1_S3,US,0,none
S1-803798812,S3-758395429,S1_S3,US,0,none
S1-804335334,S2-488461521,S1_S2,US,0,none
S1-804335334,S2-647198824,S1_S2,US,0,none
S1-804335334,S3-122198520,S1_S3,US,0,none
S1-804335334,S3-137517862,S1_S3,US,0,none
S1-804335334,S3-467012411,S1_S3,US,0,none
S1-805978997,S2-844174409,S1_S2,US,0,none
S1-805978997,S3-474906600,S1_S3,US,0,none
S1-806028578,S2-698639931,S1_S2,US,0,none
S1-806028578,S2-953792740,S1_S2,US,0,none
S1-806792289,S2-282751376,S1_S2,India,0,none
S1-806792289,S3-243035840,S1_S3,India,0,none
S1-807190402,S2-38348263,S1_S2,India,0,none
S1-807190402,S2-676401996,S1_S2,India,0,none
S1-807190402,S3-790562935,S1_S3,India,0,none
S1-808002229,S2-494059716,S1_S2,US,0,none
S1-808583131,S2-145663946,S1_S2,India,0,none
S1-808583131,S2-999436441,S1_S2,India,0,none
S1-808583131,S3-574225574,S1_S3,India,0,none
S1-808583131,S3-790380442,S1_S3,India,0,none
S1-809038395,S2-751866831,S1_S2,India,0,none
S1-809344610,S2-173930004,S1_S2,US,0,none
S1-809344610,S3-259894052,S1_S3,US,0,none
S1-809474611,S2-498658879,S1_S2,US,0,none
S1-809474611,S3-280829150,S1_S3,US,0,none
S1-809474611,S3-420173439,S1_S3,US,0,none
S1-809474611,S3-742169443,S1_S3,US,0,none
S1-809874043,S2-532723931,S1_S2,US,0,none
S1-809874043,S2-666418455,S1_S2,US,0,none
S1-809874043,S3-869380652,S1_S3,US,0,none
S1-810096917,S2-212583254,S1_S2,India,0,none
S1-810096917,S2-330399788,S1_S2,India,0,none
S1-810096917,S2-768155931,S1_S2,India,0,none
S1-810239683,S2-123663431,S1_S2,US,0,none
S1-810239683,S2-229474273,S1_S2,US,0,none
S1-810239683,S3-928222845,S1_S3,US,0,none
S1-810880610,S2-912735779,S1_S2,US,0,none
S1-810880610,S3-308517315,S1_S3,US,0,none
S1-810880610,S3-954589746,S1_S3,US,0,none
S1-811190524,S2-126970998,S1_S2,India,0,none
S1-811225345,S2-951402603,S1_S2,US,0,none
S1-812335701,S3-268148135,S1_S3,India,0,none
S1-812335701,S3-477549453,S1_S3,India,0,none
S1-812335701,S3-532959358,S1_S3,India,0,none
S1-813340603,S2-14461133,S1_S2,India,0,none
S1-813340603,S3-581267231,S1_S3,India,0,none
S1-813674687,S2-997778955,S1_S2,India,0,none
S1-813796670,S2-741875570,S1_S2,India,0,none
S1-813807883,S2-18644368,S1_S2,India,0,none
S1-813807883,S2-320379050,S1_S2,India,0,none
S1-813807883,S3-524937698,S1_S3,India,0,none
S1-815071653,S3-343652379,S1_S3,US,0,none
S1-815217037,S3-164869892,S1_S3,US,0,none
S1-815217037,S3-649294657,S1_S3,US,0,none
S1-815238518,S2-571890994,S1_S2,India,0,none
S1-815238518,S3-304135596,S1_S3,India,0,none
S1-815238518,S3-596142984,S1_S3,India,0,none
S1-815657118,S3-636053065,S1_S3,US,0,none
S1-81571835,S2-74185777,S1_S2,US,0,none
S1-817497079,S2-5917199,S1_S2,US,0,none
S1-817497079,S2-67320955,S1_S2,US,0,none
S1-819520749,S2-414629791,S1_S2,US,0,none
S1-820479040,S2-944791914,S1_S2,India,0,none
S1-821010610,S2-381980705,S1_S2,US,0,none
S1-821010610,S3-431150191,S1_S3,US,0,none
S1-821460458,S2-713318736,S1_S2,US,0,none
S1-821460458,S3-881302942,S1_S3,US,0,none
S1-821723702,S2-422486089,S1_S2,US,0,none
S1-821723702,S2-913686360,S1_S2,US,0,none
S1-821723702,S2-938494912,S1_S2,US,0,none
S1-821723702,S3-589820482,S1_S3,US,0,none
S1-821723702,S3-98956205,S1_S3,US,0,none
S1-821761990,S2-127401929,S1_S2,India,0,none
S1-821761990,S2-479727408,S1_S2,India,0,none
S1-821761990,S2-520313197,S1_S2,India,0,none
S1-821761990,S3-204684976,S1_S3,India,0,none
S1-822877629,S3-901379444,S1_S3,US,0,none
S1-823472263,S2-137119516,S1_S2,India,0,none
S1-823741162,S3-162251710,S1_S3,India,0,none
S1-823741162,S3-370842582,S1_S3,India,0,none
S1-82375451,S2-706125864,S1_S2,US,0,none
S1-823944344,S2-86769833,S1_S2,US,0,none
S1-823944344,S3-451690095,S1_S3,US,0,none
S1-823944344,S3-905730430,S1_S3,US,0,none
S1-824239016,S2-105983447,S1_S2,US,0,none
S1-824239016,S2-428503068,S1_S2,US,0,none
S1-824239016,S3-373846510,S1_S3,US,0,none
S1-824239016,S3-566453140,S1_S3,US,0,none
S1-824653107,S2-493241967,S1_S2,US,0,none
S1-824653107,S3-404579265,S1_S3,US,0,none
S1-824653107,S3-689383052,S1_S3,US,0,none
S1-826429782,S2-214562401,S1_S2,US,0,none
S1-826429782,S2-395825980,S1_S2,US,0,none
S1-827431303,S2-343890330,S1_S2,India,0,none
S1-827431303,S2-5130657,S1_S2,India,0,none
S1-827431303,S2-549005951,S1_S2,India,0,none
S1-827431303,S3-364542979,S1_S3,India,0,none
S1-828813899,S2-179042881,S1_S2,India,0,none
S1-828813899,S2-699125642,S1_S2,India,0,none
S1-828813899,S2-803758807,S1_S2,India,0,none
S1-828813899,S3-174088007,S1_S3,India,0,none
S1-828813899,S3-756848185,S1_S3,India,0,none
S1-828813899,S3-80778106,S1_S3,India,0,none
S1-830074813,S3-985951213,S1_S3,US,0,none
S1-830187342,S2-521174522,S1_S2,US,0,none
S1-830187342,S2-846005555,S1_S2,US,0,none
S1-830891313,S3-330865435,S1_S3,India,0,none
S1-831073861,S2-379859122,S1_S2,India,0,none
S1-831073861,S2-877421761,S1_S2,India,0,none
S1-831126196,S2-154629356,S1_S2,US,0,none
S1-831126196,S2-940017820,S1_S2,US,0,none
S1-831126196,S2-982474756,S1_S2,US,0,none
S1-831126196,S3-51826184,S1_S3,US,0,none
S1-831126196,S3-650829150,S1_S3,US,0,none
S1-831987625,S2-217866104,S1_S2,India,0,none
S1-831987625,S3-932383764,S1_S3,India,0,none
S1-831993828,S2-535128014,S1_S2,US,0,none
S1-831993828,S3-796648817,S1_S3,US,0,none
S1-832181816,S2-134779666,S1_S2,US,0,none
S1-832181816,S3-796087922,S1_S3,US,0,none
S1-832359312,S2-430568872,S1_S2,India,0,none
S1-832359312,S2-968800457,S1_S2,India,0,none
S1-832359312,S3-75268779,S1_S3,India,0,none
S1-832718050,S2-609945190,S1_S2,India,0,none
S1-832928719,S3-226811030,S1_S3,US,0,none
S1-834330354,S2-646724913,S1_S2,US,0,none
S1-834330354,S3-663360189,S1_S3,US,0,none
S1-834330354,S3-709359342,S1_S3,US,0,none
S1-834439363,S2-627572873,S1_S2,India,0,none
S1-835424523,S2-644967772,S1_S2,India,0,none
S1-835424523,S3-716589227,S1_S3,India,0,none
S1-835725604,S2-357237534,S1_S2,India,0,none
S1-835725604,S3-256859993,S1_S3,India,0,none
S1-835725604,S3-354282750,S1_S3,India,0,none
S1-836307984,S2-553710331,S1_S2,India,0,none
S1-837356383,S3-324376116,S1_S3,US,0,none
S1-837356383,S3-807637646,S1_S3,US,0,none
S1-83737708,S2-689759463,S1_S2,India,0,none
S1-838077694,S2-468787831,S1_S2,India,0,none
S1-838077694,S3-371404159,S1_S3,India,0,none
S1-838077694,S3-943058826,S1_S3,India,0,none
S1-838220651,S3-515134196,S1_S3,India,0,none
S1-838534533,S2-640289862,S1_S2,India,0,none
S1-838534533,S2-710336101,S1_S2,India,0,none
S1-838534533,S3-744786898,S1_S3,India,0,none
S1-838717953,S3-408455009,S1_S3,US,0,none
S1-839768188,S2-403523620,S1_S2,India,0,none
S1-839768188,S2-578319018,S1_S2,India,0,none
S1-839768188,S2-719731867,S1_S2,India,0,none
S1-839768188,S3-720341755,S1_S3,India,0,none
S1-839948847,S3-403440646,S1_S3,India,0,none
S1-839948847,S3-604098729,S1_S3,India,0,none
S1-840134002,S2-35853808,S1_S2,US,0,none
S1-840134002,S3-367885090,S1_S3,US,0,none
S1-840432339,S2-325969144,S1_S2,India,0,none
S1-840432339,S3-115904060,S1_S3,India,0,none
S1-840432339,S3-154356637,S1_S3,India,0,none
S1-840432339,S3-398511391,S1_S3,India,0,none
S1-840432339,S3-433860939,S1_S3,India,0,none
S1-840790965,S2-772720506,S1_S2,India,0,none
S1-842039200,S2-16968538,S1_S2,India,0,none
S1-842039200,S3-291869472,S1_S3,India,0,none
S1-842181811,S3-803042127,S1_S3,US,0,none
S1-842890352,S2-770590387,S1_S2,India,0,none
S1-842890352,S2-805876771,S1_S2,India,0,none
S1-842890352,S3-334338925,S1_S3,India,0,none
S1-8429032,S2-110851266,S1_S2,India,0,none
S1-8429032,S2-79362036,S1_S2,India,0,none
S1-8429032,S3-493373780,S1_S3,India,0,none
S1-8429032,S3-697100069,S1_S3,India,0,none
S1-844518324,S2-791422404,S1_S2,US,0,none
S1-844518324,S3-693924655,S1_S3,US,0,none
S1-844857006,S2-358277845,S1_S2,US,0,none
S1-844857006,S2-551687189,S1_S2,US,0,none
S1-844857006,S3-784097751,S1_S3,US,0,none
S1-846383983,S2-218665549,S1_S2,India,0,none
S1-846383983,S2-22672602,S1_S2,India,0,none
S1-846383983,S2-4672848,S1_S2,India,0,none
S1-846383983,S2-860371366,S1_S2,India,0,none
S1-846624756,S3-752314949,S1_S3,US,0,none
S1-850239132,S2-113652961,S1_S2,India,0,none
S1-850239132,S3-14889267,S1_S3,India,0,none
S1-850239132,S3-984129911,S1_S3,India,0,none
S1-850300325,S2-239433730,S1_S2,India,0,none
S1-850300325,S2-580966982,S1_S2,India,0,none
S1-850300325,S2-693481888,S1_S2,India,0,none
S1-850300325,S2-802005278,S1_S2,India,0,none
S1-850300325,S3-135023974,S1_S3,India,0,none
S1-850300325,S3-291589211,S1_S3,India,0,none
S1-850300325,S3-611144358,S1_S3,India,0,none
S1-850300325,S3-93384923,S1_S3,India,0,none
S1-850928587,S2-100096552,S1_S2,US,0,none
S1-851121385,S3-391636521,S1_S3,India,0,none
S1-851121385,S3-703041474,S1_S3,India,0,none
S1-851795518,S3-41599466,S1_S3,US,0,none
S1-851795518,S3-603112118,S1_S3,US,0,none
S1-851795518,S3-895351648,S1_S3,US,0,none
S1-854288036,S2-277336397,S1_S2,US,0,none
S1-854288036,S2-448701047,S1_S2,US,0,none
S1-854288036,S2-877286129,S1_S2,US,0,none
S1-854288036,S3-111215229,S1_S3,US,0,none
S1-854288036,S3-647368548,S1_S3,US,0,none
S1-854690662,S2-243689458,S1_S2,US,0,none
S1-854690662,S2-871902248,S1_S2,US,0,none
S1-854690662,S3-30026595,S1_S3,US,0,none
S1-854694358,S2-121670756,S1_S2,India,0,none
S1-854694358,S2-500510025,S1_S2,India,0,none
S1-854694358,S3-345510891,S1_S3,India,0,none
S1-855010943,S2-582703219,S1_S2,India,0,none
S1-855010943,S3-421272994,S1_S3,India,0,none
S1-855313120,S2-74243752,S1_S2,India,0,none
S1-855313120,S2-918258846,S1_S2,India,0,none
S1-855313120,S3-216506020,S1_S3,India,0,none
S1-855355685,S2-109725311,S1_S2,US,0,none
S1-855355685,S3-73688339,S1_S3,US,0,none
S1-855355685,S3-850917608,S1_S3,US,0,none
S1-857436182,S2-47780642,S1_S2,India,0,none
S1-857436182,S3-360770168,S1_S3,India,0,none
S1-857436182,S3-458483748,S1_S3,India,0,none
S1-857436182,S3-595819576,S1_S3,India,0,none
S1-857744987,S2-707068488,S1_S2,US,0,none
S1-858872255,S2-109790578,S1_S2,US,0,none
S1-859015738,S3-906390500,S1_S3,US,0,none
S1-859190382,S2-319070888,S1_S2,India,0,none
S1-859190382,S2-420001023,S1_S2,India,0,none
S1-859190382,S2-623063030,S1_S2,India,0,none
S1-859190382,S3-205544745,S1_S3,India,0,none
S1-861160762,S2-652316115,S1_S2,India,0,none
S1-861160762,S2-993533353,S1_S2,India,0,none
S1-861160762,S3-400015080,S1_S3,India,0,none
S1-861841587,S2-998326517,S1_S2,India,0,none
S1-861841587,S3-277500392,S1_S3,India,0,none
S1-862316231,S2-119165000,S1_S2,US,0,none
S1-862316231,S2-171972139,S1_S2,US,0,none
S1-862316231,S3-513371249,S1_S3,US,0,none
S1-862316796,S3-809288947,S1_S3,US,0,none
S1-862509116,S2-443926110,S1_S2,US,0,none
S1-862509116,S3-105567190,S1_S3,US,0,none
S1-863529051,S2-248786196,S1_S2,India,0,none
S1-863529051,S2-836052293,S1_S2,India,0,none
S1-863529051,S3-279861986,S1_S3,India,0,none
S1-864218687,S2-970378595,S1_S2,India,0,none
S1-864583506,S2-767294788,S1_S2,India,0,none
S1-864583506,S2-929384367,S1_S2,India,0,none
S1-864583506,S3-327586767,S1_S3,India,0,none
S1-864604977,S3-3901973,S1_S3,US,0,none
S1-8646153,S2-128635967,S1_S2,India,0,none
S1-8646153,S3-405061198,S1_S3,India,0,none
S1-864929385,S2-106975308,S1_S2,US,0,none
S1-864929385,S2-285406708,S1_S2,US,0,none
S1-866241066,S2-242883822,S1_S2,US,0,none
S1-866241066,S2-820732727,S1_S2,US,0,none
S1-866241066,S3-583533144,S1_S3,US,0,none
S1-866319002,S2-759723928,S1_S2,India,0,none
S1-866319002,S3-725084932,S1_S3,India,0,none
S1-86643361,S2-814765849,S1_S2,US,0,none
S1-866705738,S3-94426595,S1_S3,India,0,none
S1-866754089,S2-625048497,S1_S2,India,0,none
S1-866754089,S3-709023445,S1_S3,India,0,none
S1-86818335,S2-47263841,S1_S2,US,0,none
S1-86818335,S2-629844404,S1_S2,US,0,none
S1-86818335,S3-821315931,S1_S3,US,0,none
S1-868719194,S3-28923001,S1_S3,US,0,none
S1-869367545,S2-282342066,S1_S2,India,0,none
S1-869367545,S3-903199608,S1_S3,India,0,none
S1-869436852,S2-62935719,S1_S2,India,0,none
S1-869436852,S3-270637497,S1_S3,India,0,none
S1-869436852,S3-971023266,S1_S3,India,0,none
S1-869568031,S2-557663709,S1_S2,India,0,none
S1-869723006,S2-919387769,S1_S2,US,0,none
S1-869723006,S3-259193255,S1_S3,US,0,none
S1-869786890,S2-614830949,S1_S2,US,0,none
S1-869786890,S3-732016338,S1_S3,US,0,none
S1-870826851,S2-890736695,S1_S2,US,0,none
S1-870826851,S3-773264021,S1_S3,US,0,none
S1-870826851,S3-975016669,S1_S3,US,0,none
S1-871565054,S2-320759399,S1_S2,US,0,none
S1-873421624,S2-385743340,S1_S2,US,0,none
S1-873719056,S2-181863024,S1_S2,India,0,none
S1-874265077,S2-682754270,S1_S2,India,0,none
S1-874265077,S3-249555,S1_S3,India,0,none
S1-874545642,S3-440541270,S1_S3,India,0,none
S1-874545642,S3-701761455,S1_S3,India,0,none
S1-875023677,S2-118423833,S1_S2,India,0,none
S1-875023677,S2-51071265,S1_S2,India,0,none
S1-875023677,S2-615511845,S1_S2,India,0,none
S1-875023677,S2-693289447,S1_S2,India,0,none
S1-875023677,S3-347285949,S1_S3,India,0,none
S1-8755750,S2-346506353,S1_S2,India,0,none
S1-877576285,S2-669203551,S1_S2,US,0,none
S1-877576285,S3-515662932,S1_S3,US,0,none
S1-877702774,S2-752131492,S1_S2,India,0,none
S1-877702774,S3-679431247,S1_S3,India,0,none
S1-877702774,S3-919062791,S1_S3,India,0,none
S1-877719208,S2-929262409,S1_S2,India,0,none
S1-877719208,S3-685922461,S1_S3,India,0,none
S1-878935319,S2-507082346,S1_S2,India,0,none
S1-878935319,S2-676995194,S1_S2,India,0,none
S1-878935319,S2-736641584,S1_S2,India,0,none
S1-878935319,S2-919947325,S1_S2,India,0,none
S1-878935319,S2-945926373,S1_S2,India,0,none
S1-878935319,S3-442180811,S1_S3,India,0,none
S1-879400015,S3-996777914,S1_S3,US,0,none
S1-879691287,S3-647565283,S1_S3,India,0,none
S1-879691287,S3-977548948,S1_S3,India,0,none
S1-879822475,S2-947424982,S1_S2,India,0,none
S1-879822475,S3-64100238,S1_S3,India,0,none
S1-881836848,S2-836130491,S1_S2,US,0,none
S1-881836848,S3-798247714,S1_S3,US,0,none
S1-882161521,S3-434331840,S1_S3,US,0,none
S1-882161521,S3-995276689,S1_S3,US,0,none
S1-882614253,S2-942226609,S1_S2,US,0,none
S1-882614253,S3-295364644,S1_S3,US,0,none
S1-882655445,S2-577168038,S1_S2,US,0,none
S1-882655445,S2-782624938,S1_S2,US,0,none
S1-882655445,S3-721131655,S1_S3,US,0,none
S1-882868696,S2-951292526,S1_S2,US,0,none
S1-882868696,S3-288069750,S1_S3,US,0,none
S1-882868696,S3-384376180,S1_S3,US,0,none
S1-883390087,S2-597719285,S1_S2,US,0,none
S1-883390087,S2-770699787,S1_S2,US,0,none
S1-884450435,S2-552349259,S1_S2,India,0,none
S1-884450435,S3-644837046,S1_S3,India,0,none
S1-885807399,S2-560839628,S1_S2,India,0,none
S1-886222433,S2-1385039,S1_S2,US,0,none
S1-886222433,S2-527027085,S1_S2,US,0,none
S1-886222433,S3-560533719,S1_S3,US,0,none
S1-886695360,S2-816804078,S1_S2,US,0,none
S1-886944937,S2-92439094,S1_S2,India,0,none
S1-886944937,S3-902606289,S1_S3,India,0,none
S1-887158998,S2-585180814,S1_S2,US,0,none
S1-887158998,S3-677135186,S1_S3,US,0,none
S1-887331976,S2-373728635,S1_S2,US,0,none
S1-887331976,S3-201560545,S1_S3,US,0,none
S1-887331976,S3-755153274,S1_S3,US,0,none
S1-887575859,S2-376983146,S1_S2,India,0,none
S1-887575859,S2-530057263,S1_S2,India,0,none
S1-887575859,S2-910586264,S1_S2,India,0,none
S1-887575859,S3-958869924,S1_S3,India,0,none
S1-887575859,S3-99411149,S1_S3,India,0,none
S1-888111751,S2-15592682,S1_S2,US,0,none
S1-888111751,S2-30198226,S1_S2,US,0,none
S1-888111751,S3-183572431,S1_S3,US,0,none
S1-888864875,S2-158104463,S1_S2,India,0,none
S1-888864875,S2-352135990,S1_S2,India,0,none
S1-888864875,S3-363041515,S1_S3,India,0,none
S1-889455124,S3-412698815,S1_S3,US,0,none
S1-889455124,S3-975197131,S1_S3,US,0,none
S1-890155045,S2-108070091,S1_S2,US,0,none
S1-890155045,S2-221682286,S1_S2,US,0,none
S1-890155045,S3-26566433,S1_S3,US,0,none
S1-891577293,S3-34566769,S1_S3,US,0,none
S1-892323397,S2-604413466,S1_S2,US,0,none
S1-892323397,S2-706213333,S1_S2,US,0,none
S1-892481188,S2-55340230,S1_S2,India,0,none
S1-892481188,S3-759901955,S1_S3,India,0,none
S1-893058667,S2-720710727,S1_S2,India,0,none
S1-893058667,S3-518708735,S1_S3,India,0,none
S1-893401304,S2-173109793,S1_S2,India,0,none
S1-893401304,S2-753654342,S1_S2,India,0,none
S1-893401304,S3-148481388,S1_S3,India,0,none
S1-893401304,S3-748158597,S1_S3,India,0,none
S1-893401304,S3-847932546,S1_S3,India,0,none
S1-893401304,S3-966445582,S1_S3,India,0,none
S1-894011366,S2-314215538,S1_S2,India,0,none
S1-8947933,S2-203591941,S1_S2,US,0,none
S1-895574941,S3-601035065,S1_S3,India,0,none
S1-895574941,S3-825434891,S1_S3,India,0,none
S1-895574941,S3-875029726,S1_S3,India,0,none
S1-896334831,S2-531312235,S1_S2,India,0,none
S1-896334831,S3-705667939,S1_S3,India,0,none
S1-896334831,S3-859118636,S1_S3,India,0,none
S1-896334831,S3-992576842,S1_S3,India,0,none
S1-896793190,S2-22028585,S1_S2,India,0,none
S1-896793190,S2-494201197,S1_S2,India,0,none
S1-896797044,S3-427291119,S1_S3,US,0,none
S1-897469823,S2-894835513,S1_S2,India,0,none
S1-897469823,S3-712825529,S1_S3,India,0,none
S1-897469823,S3-743472271,S1_S3,India,0,none
S1-897469823,S3-780827889,S1_S3,India,0,none
S1-897469823,S3-788285842,S1_S3,India,0,none
S1-899326308,S2-765804145,S1_S2,India,0,none
S1-899326308,S3-241153887,S1_S3,India,0,none
S1-899991323,S2-458541422,S1_S2,India,0,none
S1-899991323,S3-491593526,S1_S3,India,0,none
S1-90076937,S2-286476817,S1_S2,US,0,none
S1-90076937,S3-693816219,S1_S3,US,0,none
S1-901824050,S3-210430330,S1_S3,US,0,none
S1-902874231,S2-667038450,S1_S2,US,0,none
S1-902874231,S3-126107683,S1_S3,US,0,none
S1-902874231,S3-723670196,S1_S3,US,0,none
S1-902874231,S3-90757850,S1_S3,US,0,none
S1-904460695,S3-103681335,S1_S3,US,0,none
S1-906096811,S2-543404871,S1_S2,India,0,none
S1-906096811,S2-953283688,S1_S2,India,0,none
S1-906096811,S2-995034004,S1_S2,India,0,none
S1-906096811,S3-387587208,S1_S3,India,0,none
S1-906096811,S3-401693194,S1_S3,India,0,none
S1-906431823,S3-174862135,S1_S3,US,0,none
S1-906431823,S3-683603177,S1_S3,US,0,none
S1-907390302,S2-909789239,S1_S2,India,0,none
S1-907390302,S3-575673935,S1_S3,India,0,none
S1-907390302,S3-911614415,S1_S3,India,0,none
S1-907390302,S3-950163098,S1_S3,India,0,none
S1-909106909,S3-314466093,S1_S3,US,0,none
S1-909106909,S3-807610506,S1_S3,US,0,none
S1-909106909,S3-87547779,S1_S3,US,0,none
S1-909178921,S2-904236934,S1_S2,India,0,none
S1-909422241,S2-660536622,S1_S2,US,0,none
S1-910222961,S2-273893922,S1_S2,US,0,none
S1-910222961,S2-674824947,S1_S2,US,0,none
S1-910222961,S2-6949293,S1_S2,US,0,none
S1-910222961,S3-649549578,S1_S3,US,0,none
S1-910520714,S2-201949437,S1_S2,India,0,none
S1-910520714,S2-842819299,S1_S2,India,0,none
S1-910520714,S3-927242915,S1_S3,India,0,none
S1-910542468,S3-241744671,S1_S3,US,0,none
S1-910542468,S3-787947873,S1_S3,US,0,none
S1-910787412,S2-911669895,S1_S2,US,0,none
S1-910787412,S3-408236125,S1_S3,US,0,none
S1-91079494,S3-12036167,S1_S3,US,0,none
S1-910958924,S2-193150170,S1_S2,India,0,none
S1-910958924,S2-389165979,S1_S2,India,0,none
S1-910958924,S2-552247491,S1_S2,India,0,none
S1-911472131,S2-330721690,S1_S2,India,0,none
S1-911472131,S3-248130435,S1_S3,India,0,none
S1-911472131,S3-502006780,S1_S3,India,0,none
S1-911677997,S3-722963247,S1_S3,India,0,none
S1-911677997,S3-830273567,S1_S3,India,0,none
S1-913008351,S2-447225258,S1_S2,US,0,none
S1-913008351,S3-238170235,S1_S3,US,0,none
S1-913208491,S2-435191314,S1_S2,US,0,none
S1-913208491,S2-993831388,S1_S2,US,0,none
S1-913208491,S3-893744462,S1_S3,US,0,none
S1-913390025,S2-333193256,S1_S2,India,0,none
S1-913390025,S2-589210301,S1_S2,India,0,none
S1-913390025,S3-171844350,S1_S3,India,0,none
S1-91346312,S3-434700406,S1_S3,US,0,none
S1-913721906,S2-454368877,S1_S2,US,0,none
S1-913721906,S2-489279561,S1_S2,US,0,none
S1-913724452,S2-711784207,S1_S2,US,0,none
S1-913724452,S3-952335748,S1_S3,US,0,none
S1-913890748,S2-768428812,S1_S2,US,0,none
S1-914312177,S3-363872330,S1_S3,US,0,none
S1-91437145,S2-352584365,S1_S2,US,0,none
S1-91437145,S2-834017163,S1_S2,US,0,none
S1-915127548,S2-49581462,S1_S2,India,0,none
S1-915127548,S3-329533577,S1_S3,India,0,none
S1-915127548,S3-512770174,S1_S3,India,0,none
S1-915127548,S3-865057849,S1_S3,India,0,none
S1-915336793,S3-722197035,S1_S3,US,0,none
S1-916206005,S3-269790229,S1_S3,India,0,none
S1-916206005,S3-955276509,S1_S3,India,0,none
S1-916271116,S3-367154036,S1_S3,US,0,none
S1-916297435,S2-364139217,S1_S2,US,0,none
S1-917838742,S2-481133209,S1_S2,India,0,none
S1-917838742,S2-787187442,S1_S2,India,0,none
S1-917838742,S3-446535705,S1_S3,India,0,none
S1-918372967,S2-402183246,S1_S2,US,0,none
S1-918372967,S3-657612255,S1_S3,US,0,none
S1-918372967,S3-982652029,S1_S3,US,0,none
S1-918462505,S2-243580409,S1_S2,US,0,none
S1-918462505,S3-113229920,S1_S3,US,0,none
S1-918585065,S2-60733823,S1_S2,India,0,none
S1-918585065,S3-375300046,S1_S3,India,0,none
S1-918967926,S2-313447692,S1_S2,India,0,none
S1-918967926,S2-572112474,S1_S2,India,0,none
S1-918967926,S3-728447012,S1_S3,India,0,none
S1-91917777,S2-350448431,S1_S2,US,0,none
S1-91917777,S2-431673028,S1_S2,US,0,none
S1-91917777,S2-704327256,S1_S2,US,0,none
S1-91917777,S3-467089764,S1_S3,US,0,none
S1-91917777,S3-537274350,S1_S3,US,0,none
S1-91917777,S3-83020291,S1_S3,US,0,none
S1-920014398,S2-724050880,S1_S2,India,0,none
S1-920014398,S3-656500406,S1_S3,India,0,none
S1-920189285,S2-240299958,S1_S2,India,0,none
S1-920189285,S2-503189605,S1_S2,India,0,none
S1-920189285,S2-555525274,S1_S2,India,0,none
S1-920189285,S3-143104668,S1_S3,India,0,none
S1-920189285,S3-177705542,S1_S3,India,0,none
S1-920189285,S3-205182641,S1_S3,India,0,none
S1-920189285,S3-705928633,S1_S3,India,0,none
S1-92023677,S2-984446071,S1_S2,US,0,none
S1-92023677,S3-302298335,S1_S3,US,0,none
S1-92023677,S3-683464441,S1_S3,US,0,none
S1-920925297,S2-21917586,S1_S2,US,0,none
S1-920925297,S3-120314626,S1_S3,US,0,none
S1-921526724,S3-168967055,S1_S3,India,0,none
S1-922767135,S3-708508947,S1_S3,India,0,none
S1-922767135,S3-869107198,S1_S3,India,0,none
S1-922767135,S3-908999999,S1_S3,India,0,none
S1-923182121,S2-579869633,S1_S2,India,0,none
S1-923182121,S3-371977021,S1_S3,India,0,none
S1-923952046,S2-252960004,S1_S2,US,0,none
S1-923952046,S2-725386096,S1_S2,US,0,none
S1-923952046,S3-710143341,S1_S3,US,0,none
S1-923975898,S2-394946275,S1_S2,US,0,none
S1-923975898,S2-443132904,S1_S2,US,0,none
S1-923975898,S2-802407887,S1_S2,US,0,none
S1-924173789,S2-328588406,S1_S2,India,0,none
S1-924173789,S3-903757183,S1_S3,India,0,none
S1-925647942,S2-647224007,S1_S2,India,0,none
S1-926078213,S2-653531775,S1_S2,India,0,none
S1-926078213,S3-141090185,S1_S3,India,0,none
S1-926376890,S3-15186760,S1_S3,US,0,none
S1-926376890,S3-269377861,S1_S3,US,0,none
S1-926376890,S3-680031999,S1_S3,US,0,none
S1-926875268,S2-342642335,S1_S2,US,0,none
S1-926875268,S2-511197229,S1_S2,US,0,none
S1-926875268,S3-143585280,S1_S3,US,0,none
S1-927886661,S2-71766990,S1_S2,US,0,none
S1-928099466,S2-469667674,S1_S2,US,0,none
S1-928099466,S2-627187709,S1_S2,US,0,none
S1-928099466,S3-536896395,S1_S3,US,0,none
S1-928194433,S2-140533674,S1_S2,India,0,none
S1-928194433,S3-32443328,S1_S3,India,0,none
S1-928194433,S3-600713937,S1_S3,India,0,none
S1-928194433,S3-847360029,S1_S3,India,0,none
S1-928980721,S2-101219184,S1_S2,India,0,none
S1-928980721,S3-705317186,S1_S3,India,0,none
S1-929010918,S2-112118839,S1_S2,US,0,none
S1-929010918,S2-728847197,S1_S2,US,0,none
S1-929010918,S2-776492749,S1_S2,US,0,none
S1-929010918,S2-824968267,S1_S2,US,0,none
S1-929010918,S3-178723796,S1_S3,US,0,none
S1-930142829,S2-337591173,S1_S2,India,0,none
S1-930142829,S3-565568909,S1_S3,India,0,none
S1-930142829,S3-676174840,S1_S3,India,0,none
S1-930142829,S3-758915262,S1_S3,India,0,none
S1-93025413,S2-397412977,S1_S2,US,0,none
S1-930713347,S2-209506437,S1_S2,US,0,none
S1-930713347,S2-356530803,S1_S2,US,0,none
S1-930713347,S3-995225879,S1_S3,US,0,none
S1-931830730,S2-174103188,S1_S2,US,0,none
S1-931830730,S2-300077584,S1_S2,US,0,none
S1-931830730,S2-821321806,S1_S2,US,0,none
S1-932161181,S2-232298575,S1_S2,India,0,none
S1-932161181,S2-236871747,S1_S2,India,0,none
S1-932161181,S2-557432860,S1_S2,India,0,none
S1-932161181,S3-451326473,S1_S3,India,0,none
S1-932161181,S3-906230728,S1_S3,India,0,none
S1-932618881,S2-764465096,S1_S2,US,0,none
S1-932618881,S3-76992025,S1_S3,US,0,none
S1-932661427,S2-813723252,S1_S2,US,0,none
S1-932661427,S3-921853849,S1_S3,US,0,none
S1-932679857,S2-159459998,S1_S2,India,0,none
S1-932679857,S2-549157161,S1_S2,India,0,none
S1-932679857,S2-632452459,S1_S2,India,0,none
S1-932679857,S3-134677261,S1_S3,India,0,none
S1-9331527,S2-874422024,S1_S2,India,0,none
S1-9331527,S3-549690032,S1_S3,India,0,none
S1-933324603,S2-364284232,S1_S2,US,0,none
S1-933334215,S2-402799532,S1_S2,India,0,none
S1-933334215,S2-789711020,S1_S2,India,0,none
S1-933334215,S3-719875639,S1_S3,India,0,none
S1-934187214,S2-106231910,S1_S2,India,0,none
S1-934187214,S2-194152767,S1_S2,India,0,none
S1-934187214,S3-233524393,S1_S3,India,0,none
S1-934187214,S3-644998659,S1_S3,India,0,none
S1-935350048,S2-152461829,S1_S2,US,0,none
S1-935350048,S2-45368400,S1_S2,US,0,none
S1-935663361,S3-333740440,S1_S3,US,0,none
S1-936966173,S2-609468040,S1_S2,US,0,none
S1-937063577,S2-822892586,S1_S2,US,0,none
S1-937175549,S3-871874418,S1_S3,US,0,none
S1-937276306,S2-274844751,S1_S2,India,0,none
S1-937276306,S3-350950660,S1_S3,India,0,none
S1-937276306,S3-415540722,S1_S3,India,0,none
S1-937389288,S2-213439413,S1_S2,India,0,none
S1-937389288,S2-392933903,S1_S2,India,0,none
S1-937389288,S2-914311497,S1_S2,India,0,none
S1-937389288,S3-676951776,S1_S3,India,0,none
S1-937771401,S2-59626655,S1_S2,US,0,none
S1-938023161,S2-461775807,S1_S2,US,0,none
S1-938023161,S3-794146901,S1_S3,US,0,none
S1-938171320,S3-211156894,S1_S3,US,0,none
S1-938700203,S3-192850662,S1_S3,India,0,none
S1-939096566,S3-708387095,S1_S3,US,0,none
S1-939436051,S2-374030739,S1_S2,India,0,none
S1-939436051,S2-475666162,S1_S2,India,0,none
S1-939436051,S2-644742773,S1_S2,India,0,none
S1-939436051,S2-87705680,S1_S2,India,0,none
S1-939436051,S3-929492516,S1_S3,India,0,none
S1-940879750,S3-527613600,S1_S3,US,0,none
S1-941442619,S2-131448054,S1_S2,US,0,none
S1-942009682,S3-564743439,S1_S3,US,0,none
S1-942009682,S3-992377024,S1_S3,US,0,none
S1-942478962,S2-470622803,S1_S2,India,0,none
S1-942478962,S2-832087733,S1_S2,India,0,none
S1-942478962,S3-69128664,S1_S3,India,0,none
S1-942526175,S2-380990787,S1_S2,US,0,none
S1-942672723,S3-145287334,S1_S3,US,0,none
S1-942672723,S3-936386019,S1_S3,US,0,none
S1-94280596,S3-405577000,S1_S3,US,0,none
S1-943466630,S2-692615283,S1_S2,India,0,none
S1-943466630,S2-989645046,S1_S2,India,0,none
S1-943569260,S2-22708267,S1_S2,US,0,none
S1-943569260,S2-560612197,S1_S2,US,0,none
S1-943943220,S2-370012078,S1_S2,US,0,none
S1-943943220,S2-811551990,S1_S2,US,0,none
S1-943993523,S2-2332201,S1_S2,India,0,none
S1-943993523,S2-270372116,S1_S2,India,0,none
S1-943993523,S2-697393492,S1_S2,India,0,none
S1-943993523,S2-927884666,S1_S2,India,0,none
S1-943993523,S3-111523263,S1_S3,India,0,none
S1-944120996,S2-46810659,S1_S2,India,0,none
S1-944120996,S3-900361977,S1_S3,India,0,none
S1-944320870,S2-541573506,S1_S2,US,0,none
S1-944320870,S2-562290119,S1_S2,US,0,none
S1-944320870,S3-928518169,S1_S3,US,0,none
S1-9446247,S2-509014937,S1_S2,India,0,none
S1-9446247,S3-299629000,S1_S3,India,0,none
S1-9446247,S3-736799734,S1_S3,India,0,none
S1-945640124,S2-597390030,S1_S2,US,0,none
S1-945640124,S3-982235062,S1_S3,US,0,none
S1-946633634,S2-157049677,S1_S2,US,0,none
S1-946633634,S3-989247673,S1_S3,US,0,none
S1-946694212,S2-620290166,S1_S2,US,0,none
S1-946694212,S3-230308108,S1_S3,US,0,none
S1-946694212,S3-589647248,S1_S3,US,0,none
S1-946694212,S3-997192666,S1_S3,US,0,none
S1-947571447,S2-211764158,S1_S2,India,0,none
S1-947571447,S2-55195223,S1_S2,India,0,none
S1-948346011,S3-185686887,S1_S3,US,0,none
S1-948576467,S2-512088056,S1_S2,India,0,none
S1-948576467,S3-631217003,S1_S3,India,0,none
S1-948576467,S3-794624956,S1_S3,India,0,none
S1-949224716,S2-262640463,S1_S2,US,0,none
S1-949224716,S2-745677123,S1_S2,US,0,none
S1-949224716,S3-698724733,S1_S3,US,0,none
S1-949459221,S2-152398949,S1_S2,US,0,none
S1-949459221,S2-359622324,S1_S2,US,0,none
S1-949459221,S3-344715922,S1_S3,US,0,none
S1-949617330,S3-128337692,S1_S3,US,0,none
S1-949617330,S3-412056763,S1_S3,US,0,none
S1-950295333,S3-167822963,S1_S3,India,0,none
S1-952178876,S2-753045296,S1_S2,India,0,none
S1-952178876,S2-900283774,S1_S2,India,0,none
S1-952178876,S3-136712257,S1_S3,India,0,none
S1-952178876,S3-367025280,S1_S3,India,0,none
S1-952178876,S3-610510842,S1_S3,India,0,none
S1-952178876,S3-87346612,S1_S3,India,0,none
S1-95332714,S2-314833978,S1_S2,US,0,none
S1-95332714,S3-224746905,S1_S3,US,0,none
S1-95332714,S3-316889265,S1_S3,US,0,none
S1-95356645,S3-828379507,S1_S3,US,0,none
S1-953853958,S2-457890253,S1_S2,India,0,none
S1-953853958,S3-998455456,S1_S3,India,0,none
S1-954313734,S2-379418903,S1_S2,India,0,none
S1-954313734,S3-743665933,S1_S3,India,0,none
S1-955270474,S2-995685806,S1_S2,US,0,none
S1-955270474,S3-566309106,S1_S3,US,0,none
S1-955804120,S2-888362176,S1_S2,US,0,none
S1-956524632,S2-498820762,S1_S2,India,0,none
S1-956524632,S2-62660579,S1_S2,India,0,none
S1-956524632,S3-740743295,S1_S3,India,0,none
S1-956524632,S3-777143764,S1_S3,India,0,none
S1-956524632,S3-930885470,S1_S3,India,0,none
S1-956854828,S2-952367676,S1_S2,India,0,none
S1-958570727,S2-519529993,S1_S2,US,0,none
S1-958570727,S3-952922520,S1_S3,US,0,none
S1-95887339,S2-567203849,S1_S2,India,0,none
S1-95887339,S3-308582970,S1_S3,India,0,none
S1-95887339,S3-47945431,S1_S3,India,0,none
S1-95887339,S3-759546798,S1_S3,India,0,none
S1-959428440,S2-7958631,S1_S2,India,0,none
S1-959428440,S3-442079816,S1_S3,India,0,none
S1-959428440,S3-493610624,S1_S3,India,0,none
S1-960358504,S2-147888845,S1_S2,US,0,none
S1-960358504,S2-517494778,S1_S2,US,0,none
S1-960358504,S3-534577865,S1_S3,US,0,none
S1-960358504,S3-93487687,S1_S3,US,0,none
S1-960478318,S3-389637286,S1_S3,India,0,none
S1-960478318,S3-87436358,S1_S3,India,0,none
S1-960478318,S3-979483166,S1_S3,India,0,none
S1-960787494,S2-376113223,S1_S2,US,0,none
S1-960787494,S2-788526976,S1_S2,US,0,none
S1-961231982,S2-133860665,S1_S2,US,0,none
S1-961231982,S2-852921321,S1_S2,US,0,none
S1-961231982,S3-138845493,S1_S3,US,0,none
S1-96133496,S2-46301535,S1_S2,India,0,none
S1-961832359,S2-155900318,S1_S2,US,0,none
S1-961832359,S2-953275012,S1_S2,US,0,none
S1-961832359,S3-455502642,S1_S3,US,0,none
S1-961832359,S3-68984206,S1_S3,US,0,none
S1-961884388,S2-181046439,S1_S2,India,0,none
S1-961884388,S3-369524026,S1_S3,India,0,none
S1-961884388,S3-39991402,S1_S3,India,0,none
S1-963120023,S2-633248303,S1_S2,US,0,none
S1-963120023,S3-361773512,S1_S3,US,0,none
S1-9632200,S2-192189603,S1_S2,India,0,none
S1-9632200,S2-883498775,S1_S2,India,0,none
S1-963253464,S2-114528622,S1_S2,US,0,none
S1-963253464,S2-667459043,S1_S2,US,0,none
S1-963253464,S3-902142914,S1_S3,US,0,none
S1-964083477,S2-630689634,S1_S2,US,0,none
S1-964083477,S3-539094296,S1_S3,US,0,none
S1-96422555,S3-203288692,S1_S3,US,0,none
S1-964438574,S3-804448116,S1_S3,US,0,none
S1-964974255,S2-829978022,S1_S2,US,0,none
S1-964974255,S3-221257264,S1_S3,US,0,none
S1-964974255,S3-375234064,S1_S3,US,0,none
S1-965055075,S2-195149102,S1_S2,US,0,none
S1-965701446,S3-605470457,S1_S3,India,0,none
S1-966236989,S2-718579004,S1_S2,US,0,none
S1-966453023,S2-313648448,S1_S2,US,0,none
S1-966453023,S3-283796148,S1_S3,US,0,none
S1-966453023,S3-465022538,S1_S3,US,0,none
S1-967553694,S2-275619706,S1_S2,US,0,none
S1-967553694,S3-297869673,S1_S3,US,0,none
S1-967730180,S2-384684624,S1_S2,US,0,none
S1-967730180,S3-921948864,S1_S3,US,0,none
S1-968048437,S2-306442804,S1_S2,India,0,none
S1-968048437,S2-623461581,S1_S2,India,0,none
S1-968048437,S2-775989609,S1_S2,India,0,none
S1-968048437,S3-833644127,S1_S3,India,0,none
S1-96821468,S2-129334638,S1_S2,US,0,none
S1-96821468,S2-845235846,S1_S2,US,0,none
S1-968781396,S2-193749891,S1_S2,India,0,none
S1-968781396,S3-165537598,S1_S3,India,0,none
S1-968781396,S3-483339930,S1_S3,India,0,none
S1-968997469,S2-711216194,S1_S2,US,0,none
S1-969254660,S2-352827375,S1_S2,India,0,none
S1-969254660,S2-692658153,S1_S2,India,0,none
S1-969254660,S3-315448104,S1_S3,India,0,none
S1-96928877,S3-287005818,S1_S3,US,0,none
S1-969659303,S3-674649256,S1_S3,US,0,none
S1-969694851,S2-371030562,S1_S2,US,0,none
S1-969819400,S2-384699483,S1_S2,India,0,none
S1-969819400,S2-539591618,S1_S2,India,0,none
S1-969819400,S3-421282588,S1_S3,India,0,none
S1-971104574,S2-402755159,S1_S2,India,0,none
S1-971104574,S3-581438026,S1_S3,India,0,none
S1-971838125,S2-81721919,S1_S2,India,0,none
S1-971838125,S3-143958404,S1_S3,India,0,none
S1-97199812,S2-438508095,S1_S2,US,0,none
S1-97199812,S2-971560199,S1_S2,US,0,none
S1-97199812,S3-149463711,S1_S3,US,0,none
S1-97199812,S3-681077096,S1_S3,US,0,none
S1-972133522,S2-759310774,S1_S2,India,0,none
S1-972133522,S2-857982475,S1_S2,India,0,none
S1-972133522,S2-896485806,S1_S2,India,0,none
S1-972133522,S3-140844061,S1_S3,India,0,none
S1-972133522,S3-366909347,S1_S3,India,0,none
S1-972390517,S2-799246755,S1_S2,US,0,none
S1-972390517,S3-252953294,S1_S3,US,0,none
S1-97359314,S3-30950833,S1_S3,India,0,none
S1-974107526,S2-885153373,S1_S2,India,0,none
S1-974551977,S2-974158382,S1_S2,US,0,none
S1-975046673,S2-382544725,S1_S2,US,0,none
S1-975046673,S2-837304115,S1_S2,US,0,none
S1-975105357,S2-911413073,S1_S2,India,0,none
S1-976004482,S2-772889598,S1_S2,US,0,none
S1-976004482,S3-848144018,S1_S3,US,0,none
S1-9761432,S2-316755332,S1_S2,India,0,none
S1-9761432,S2-719358422,S1_S2,India,0,none
S1-9761432,S3-202518458,S1_S3,India,0,none
S1-976710353,S2-721633282,S1_S2,India,0,none
S1-976941046,S2-370112635,S1_S2,India,0,none
S1-976941046,S3-58219877,S1_S3,India,0,none
S1-976941046,S3-808244113,S1_S3,India,0,none
S1-976941046,S3-877614173,S1_S3,India,0,none
S1-977068079,S2-795865144,S1_S2,US,0,none
S1-977068079,S3-347607039,S1_S3,US,0,none
S1-977068079,S3-831139735,S1_S3,US,0,none
S1-978113332,S2-349559606,S1_S2,US,0,none
S1-978574202,S2-999053683,S1_S2,US,0,none
S1-978574202,S3-104900710,S1_S3,US,0,none
S1-978574202,S3-484233867,S1_S3,US,0,none
S1-978574202,S3-975955663,S1_S3,US,0,none
S1-978609152,S3-136444358,S1_S3,US,0,none
S1-979833741,S3-130605039,S1_S3,India,0,none
S1-979833741,S3-168951756,S1_S3,India,0,none
S1-979833741,S3-94428278,S1_S3,India,0,none
S1-980229202,S2-672345934,S1_S2,US,0,none
S1-980229202,S3-15362256,S1_S3,US,0,none
S1-980229202,S3-287557669,S1_S3,US,0,none
S1-980229202,S3-494558264,S1_S3,US,0,none
S1-980229202,S3-93446926,S1_S3,US,0,none
S1-980856519,S2-661455719,S1_S2,US,0,none
S1-980856519,S3-955582107,S1_S3,US,0,none
S1-982150522,S2-428532917,S1_S2,US,0,none
S1-982150522,S2-913685316,S1_S2,US,0,none
S1-982150522,S3-455768034,S1_S3,US,0,none
S1-983618477,S2-261474986,S1_S2,India,0,none
S1-983618477,S2-290437761,S1_S2,India,0,none
S1-983618477,S3-225727073,S1_S3,India,0,none
S1-983618477,S3-439788393,S1_S3,India,0,none
S1-98383596,S3-294312747,S1_S3,US,0,none
S1-983849393,S2-206173970,S1_S2,US,0,none
S1-983849393,S2-398276269,S1_S2,US,0,none
S1-984037016,S3-104533985,S1_S3,US,0,none
S1-984037016,S3-906314570,S1_S3,US,0,none
S1-984037016,S3-95461494,S1_S3,US,0,none
S1-984136332,S2-777992995,S1_S2,India,0,none
S1-984136332,S3-4389763,S1_S3,India,0,none
S1-984136332,S3-645693597,S1_S3,India,0,none
S1-984907523,S2-732900360,S1_S2,India,0,none
S1-984907523,S2-778543328,S1_S2,India,0,none
S1-985176291,S2-901687405,S1_S2,India,0,none
S1-985176291,S3-248380892,S1_S3,India,0,none
S1-985181951,S2-82526490,S1_S2,India,0,none
S1-986754467,S2-515295893,S1_S2,US,0,none
S1-986754467,S3-544420941,S1_S3,US,0,none
S1-986754467,S3-652925182,S1_S3,US,0,none
S1-986754467,S3-796325229,S1_S3,US,0,none
S1-989027964,S2-243992422,S1_S2,India,0,none
S1-989027964,S2-347755798,S1_S2,India,0,none
S1-989027964,S2-657868062,S1_S2,India,0,none
S1-989027964,S3-865597777,S1_S3,India,0,none
S1-989145838,S2-211954726,S1_S2,US,0,none
S1-989145838,S2-352001937,S1_S2,US,0,none
S1-989145838,S2-731569427,S1_S2,US,0,none
S1-989145838,S3-228614205,S1_S3,US,0,none
S1-989197494,S2-397272614,S1_S2,India,0,none
S1-989197494,S3-413720178,S1_S3,India,0,none
S1-989272312,S2-763346751,S1_S2,US,0,none
S1-989272312,S3-278523367,S1_S3,US,0,none
S1-989674677,S2-647896201,S1_S2,US,0,none
S1-990151458,S2-307390146,S1_S2,India,0,none
S1-990151458,S3-490229459,S1_S3,India,0,none
S1-990151458,S3-551742537,S1_S3,India,0,none
S1-990151458,S3-711598679,S1_S3,India,0,none
S1-9902859,S3-123702589,S1_S3,US,0,none
S1-9902859,S3-310188439,S1_S3,US,0,none
S1-990308208,S2-346787504,S1_S2,India,0,none
S1-990308208,S3-789846736,S1_S3,India,0,none
S1-991357667,S2-386708600,S1_S2,India,0,none
S1-991357667,S3-119614196,S1_S3,India,0,none
S1-991357667,S3-154982660,S1_S3,India,0,none
S1-992408521,S2-227108834,S1_S2,India,0,none
S1-992408521,S2-88671718,S1_S2,India,0,none
S1-992408521,S3-798601549,S1_S3,India,0,none
S1-994808611,S3-234456385,S1_S3,US,0,none
S1-995122212,S2-868855803,S1_S2,India,0,none
S1-995122212,S3-447382960,S1_S3,India,0,none
S1-995223511,S3-734571593,S1_S3,US,0,none
S1-995266947,S2-723803179,S1_S2,India,0,none
S1-995266947,S3-109895610,S1_S3,India,0,none
S1-995266947,S3-125595934,S1_S3,India,0,none
S1-995266947,S3-993147116,S1_S3,India,0,none
S1-996297203,S2-246105400,S1_S2,India,0,none
S1-996297203,S2-704927968,S1_S2,India,0,none
S1-996297203,S3-652664983,S1_S3,India,0,none
S1-996997615,S2-603094058,S1_S2,India,0,none
S1-996997615,S3-645684516,S1_S3,India,0,none
S1-996997615,S3-89900635,S1_S3,India,0,none
S1-997110074,S2-175216297,S1_S2,India,0,none
S1-997110074,S2-557115288,S1_S2,India,0,none
S1-997196676,S2-823726068,S1_S2,India,0,none
S1-997414641,S2-344314062,S1_S2,India,0,none
S1-997414641,S2-858923200,S1_S2,India,0,none
S1-997414641,S3-144733462,S1_S3,India,0,none
S1-997414641,S3-360013827,S1_S3,India,0,none
S1-997414641,S3-631236762,S1_S3,India,0,none
S1-998477793,S3-222581958,S1_S3,US,0,none
S1-998575525,S2-46282542,S1_S2,US,0,none
S1-998575525,S3-966071268,S1_S3,US,0,none
S1-998970058,S2-773397331,S1_S2,US,0,none
S1-998970058,S3-263513706,S1_S3,US,0,none
S1-998970058,S3-369984412,S1_S3,US,0,none
